vendor_name,vendor_category,vendor_state,vendor_area,vendor_city,property_type,venue_start_year,vendor_address,vendor_contact_info,vendor_google_map,no_of_rooms,per_room_price,starting_decor_price,veg_price_per_plate,nonveg_price_per_plate,destination_price,destination_details,small_party_venue,space_available,parking_policy,catering_policy,decor_policy,dj_policy,alcohol_policy,event_space_name_1,event_space_type_1,seating_guests_1,floating_guests_1,event_space_name_2,event_space_type_2,seating_guests_2,floating_guests_2,event_space_name_3,event_space_type_3,seating_guests_3,floating_guests_3,event_space_name_4,event_space_type_4,seating_guests_4,floating_guests_4,event_space_name_5,event_space_type_5,seating_guests_5,floating_guests_5,event_space_name_6,event_space_type_6,seating_guests_6,floating_guests_6,event_space_name_7,event_space_type_7,seating_guests_7,floating_guests_7,event_space_name_8,event_space_type_8,seating_guests_8,floating_guests_8
Ranbanka Palace,Wedding Venues,83,Ajit Colony,2037,Wedding Destination,1927,"Ranbanka Palace, Circuit House Road, Ajit Colony, Jodhpur, Rajasthan, India",9351157071,"https://www.google.com/maps?q=26.2835403,73.03835959999999",49 Rooms,"15,000","400,000",2000,2500,22.50 Lakhs,(incl. Rooms + 3 Meals + Venue) /day for 49  rooms,Yes,"Indoor, Outdoor, Poolside space",There is sufficient parking available,Inhouse catering only,Outside decorators permitted,"In house DJ available, Outside DJ permitted","In house alcohol available, Outside alcohol  permitted",Fountain Lawn,Outdoor Area,100,250,Poolside Lawn,View Outdoor Area,300,450,Pole Bageecha,Outdoor Area,300,500,,,,,,,,,,,,,,,,,,,,
"Suryagarh Jaisalmer, Rajasthan",Wedding Venues,83,Jaisalmer,2037,Luxury Palace Hotel,,"Kahala Phata, Sam Road, Jaisalmer, Rajasthan 345001",9001995888,"https://www.google.com/maps?q=26.9157487,70.90834429999995",95 Rooms,"12,000","200,000",12500,12500,197.00 Lakhs,(incl. Rooms + 3 Meals + Venue) /day for 95  rooms,Yes,"Indoor, Outdoor, Poolside, Terrace / Rooftop space",There is sufficient parking available,Inhouse catering only,Decorators from panel only,"In house DJ not available , Outside DJ permitted","In house alcohol available, Outside alcohol not  permitted",Yoga Garden,Outdoor Area,100,150,Khuzamsha Hall,Indoor Area,100,150,Sunset Patio,View Outdoor Area,300,450,Lakeside,View Poolside Area,400,600,Celebration Lawn,View Outdoor Area,800,1200,Pool Side,View Indoor Area,120,120,,,,,,,,
"Indana Palace, Shikargarh",Wedding Venues,83,Air Force Area,2037,4 Star Hotel,,"Indana Palace Jodhpur, Shikargarh Road, Pabupura, Jodhpur, Rajasthan, India",2917184888,"https://www.google.com/maps?q=26.2693866,73.0683821",88 Rooms,"13,500",,1850,1950,,(incl. Rooms + 3 Meals + Venue) /day for 100 rooms,No,"Indoor, Outdoor space",,Inhouse catering only,Outside decorators permitted,"In house DJ available, Outside DJ permitted","In house alcohol available, Outside alcohol not  permitted",Hall,Indoor Area,380,600,Lawn,Outdoor Area,250,400,,,,,,,,,,,,,,,,,,,,,,,,
Chandra Inn,Wedding Venues,83,Air Force Area,2037,Hotel,1997,"Air Force Area, Jodhpur, Rajasthan, India",2912670583,"https://www.google.com/maps?q=26.2486661,73.03462439999998",70 Rooms,"4,000","25,000",650,,,(incl. Rooms + 3 Meals + Venue) /day for 100 rooms,Yes,"Indoor, Outdoor space",There is sufficient parking available,Inhouse & outside catering allowed,Outside decorators permitted,"In house DJ available, Outside DJ permitted","In house alcohol not available, Outside alcohol not permitted",Basement Hall,Indoor Area,225,500,Banquet Hall,Indoor Area,110,200,Lovely Heaven Hall,Indoor Area,50,75,Grand Basant,Outdoor Area,1000,1500,,,,,,,,,,,,,,,,
"Bijolai Palace - A Inde Hotel, Jodhpur",Wedding Venues,83,Air Force Area,2037,Hotel,,"Jodhpur, Rajasthan, India",7240009640,"https://www.google.com/maps?q=26.2389469,73.0243094",36 Rooms,"4,999","300,000",1200,1800,,(incl. Rooms + 3 Meals + Venue) /day for 100 rooms,Yes,"Outdoor, Terrace / Rooftop space",There is sufficient parking available,Inhouse & outside catering allowed,Decorators from panel only,"In house DJ available, Outside DJ permitted","In house alcohol available, Outside alcohol  permitted",Garden 1,Outdoor Area,100,150,Bijolai Lake Terrace Restaurant,Outdoor Area,250,350,Dam Side Area,Outdoor Area,450,750,Garden 2,Outdoor Area,100,150,,,,,,,,,,,,,,,,
"Hotel Madhuram Royale, Pal Road",Wedding Venues,83,Bhadu Market,2037,Hotel,,"Hotel Madhuram Royale, Pal Road, Khema-Ka-Kuwa, Jodhpur, Rajasthan, India",8432044403,"https://www.google.com/maps?q=26.2331505,72.9671896",34 Rooms,"30,000","50,000",1200,1450,,(incl. Rooms + 3 Meals + Venue) /day for 100 rooms,Yes,"Indoor, Outdoor space",,Inhouse catering only,Inhouse decor,"In house DJ available, Outside DJ not permitted","In house alcohol available, Outside alcohol not  permitted",Lawn,Outdoor Area,650,1000,Hall,Indoor Area,150,250,,,,,,,,,,,,,,,,,,,,,,,,
The Marugarh Resort & Spa,Wedding Venues,83,Bhadu Market,2037,Resort,,"The Marugarh Resort & Spa, Chopasni, Jaisalmer Bypass Road, Gopal Bari, Jodhpur, Rajasthan, India",9251081316,"https://www.google.com/maps?q=26.25678599999999,72.942105",63 Rooms,"2,500","25,000",1100,1200,,(incl. Rooms + 3 Meals + Venue) /day for 100 rooms,No,Outdoor space,,Inhouse catering only,Inhouse decor,"In house DJ available, Outside DJ permitted","In house alcohol available, Outside alcohol  permitted",Lawn,Outdoor Area,2000,3000,,,,,,,,,,,,,,,,,,,,,,,,,,,,
Sterling Rudraksh Jaisalmer,Wedding Venues,83,Jaisalmer,2037,Resort With Desert Charm,,"Sterling Rudraksh Jaisalmer, Ramgarh Road, near Bada Bagh, Baramsar With Baisakh, Jaisalmer, Rajasthan, India",9805518218,"https://www.google.com/maps?q=26.9780971,70.868978",41 Rooms,,,2300,2600,12.00 Lakhs,(incl. Rooms + 3 Meals + Venue) /day for 41  rooms,Yes,"Indoor, Outdoor, Poolside space",There is sufficient parking available,Inhouse catering only,Outside decorators permitted,"In house DJ available, Outside DJ permitted","In house alcohol available, Outside alcohol  permitted",Banquet Hall,View Indoor Area,20,50,Lawn,View Outdoor Area,50,500,,,,,,,,,,,,,,,,,,,,,,,,
Umaid Bhawan Palace,Wedding Venues,83,Cantt Area,2037,5 Star Fort / Palace Hotel,2004,"Umaid Bhawan Palace, Circuit House Rd, Cantt Area, Jodhpur, Rajasthan, India",2912510101,"https://www.google.com/maps?q=26.2810589,73.0476932",70 Rooms,"11,300",,950,1150,,(incl. Rooms + 3 Meals + Venue) /day for 100 rooms,No,"Indoor, Outdoor space",,Inhouse & outside catering allowed,Outside decorators permitted,"In house DJ available, Outside DJ permitted","In house alcohol available, Outside alcohol not  permitted",Lawn,Outdoor Area,2000,3000,Banquet,Indoor Area,450,750,,,,,,,,,,,,,,,,,,,,,,,,
Hotel The Balam,Wedding Venues,83,Cantt Area,2037,Small Function Hall,,"Hotel The Balam, Shikargarh Road, Shikargarh Enclave, Cantt Area, Jodhpur, Rajasthan, India",8000941113,"https://www.google.com/maps?q=26.2736697,73.0696364",17 Rooms,"2,500",,750,,,(incl. Rooms + 3 Meals + Venue) /day for 100 rooms,Yes,"Indoor, Outdoor space",,Inhouse & outside catering allowed,Outside decorators permitted,"In house DJ available, Outside DJ permitted","In house alcohol available, Outside alcohol  permitted",Hall,Indoor Area,50,80,Lawn,Outdoor Area,150,250,,,,,,,,,,,,,,,,,,,,,,,,
Hotel Savaya Experiences,Wedding Venues,83,Jodhpur,2037,Lawn & Banquet Hall,,"Hotel Savaya Experiences, Shree Vishnu Nagar, Phalodi, Rajasthan, India",9571247137,"https://www.google.com/maps?q=27.14060719999999,72.357834",14 Rooms,"1,200",,Price on Request,,,(incl. Rooms + 3 Meals + Venue) /day for 100 rooms,No,"Indoor, Outdoor space",There is sufficient parking available,Inhouse & outside catering allowed,Decorators from panel only,"In house DJ available, Outside DJ permitted","In house alcohol not available, Outside alcohol  permitted",BANQUET,Indoor Area,200,250,Lawn,Outdoor Area,1000,1500,,,,,,,,,,,,,,,,,,,,,,,,
Hotel Badri Palace,Wedding Venues,83,Chopasni Housing Board,2037,Banquet Hall & Lawn,,"Capital O 11973 Badri Palace, Chopasani Road, Chopasni Housing Board, Jodhpur, Rajasthan, India",9829052764,"https://www.google.com/maps?q=26.2637107,72.96086150000001",28 Rooms,"2,500",,950,1150,,(incl. Rooms + 3 Meals + Venue) /day for 100 rooms,No,"Indoor, Outdoor space",,Inhouse & outside catering allowed,Outside decorators permitted,"In house DJ available, Outside DJ permitted","In house alcohol available, Outside alcohol  permitted",Hall,Indoor Area,400,700,Lawn,Outdoor Area,2000,3000,,,,,,,,,,,,,,,,,,,,,,,,
"Welcomhotel by ITC Hotels, Jodhpur",Wedding Venues,83,Jodhpur,2037,4 Star Hotel,,"Welcomhotel by ITC Hotels, Jodhpur - Premium Desert Resort Representing the Grandeur of Rajasthan, Uchiyarda Road, Dev Nagar, Jodhpur, Rajasthan, India",2917158500,"https://www.google.com/maps?q=26.2630529,73.128737",146 Rooms,"8,000",,2500,3000,,(incl. Rooms + 3 Meals + Venue) /day for 146  rooms,Yes,"Indoor, Outdoor, Poolside space",There is sufficient parking available,Inhouse catering only,Outside decorators permitted,"In house DJ not available , Outside DJ permitted","In house alcohol available, Outside alcohol not  permitted",Jodha Hall,Indoor Area,150,200,Akbar Hall,Indoor Area,200,250,Mandore Lawn I & II,Outdoor Area,600,700,Mandore Lawn III,Outdoor Area,700,1000,Residential Lawn I & II,Outdoor Area,600,800,Poolside,Poolside Area,250,350,Bisto Lawn I,Outdoor Area,100,150,Bistro Lawn II,Outdoor Area,100,150
Goyal Greens,Wedding Venues,83,Bhadu Market,2037,Wedding Lawn,,"Goyal Greens, Pal Road, Near Sai Baba Temple, Pal Gaon, Jodhpur, Rajasthan, India",9314214000,"https://www.google.com/maps?q=26.2206984,72.9563038",,"50,000",,800,900,,(incl. Rooms + 3 Meals + Venue) /day for 100 rooms,No,Outdoor space,,Inhouse & outside catering allowed,Inhouse decor,"In house DJ not available , Outside DJ permitted","In house alcohol not available, Outside alcohol  permitted",Lawn,Outdoor Area,900,1500,,,,,,,,,,,,,,,,,,,,,,,,,,,,
Rohet Garh,Wedding Venues,83,Jodhpur,2037,Boutique Heritage Hotel,,"Rohet Garh, Rohet Garh, Rajasthan, India",9820827795,"https://www.google.com/maps?q=26.7371684,72.8743127249123",30 Rooms,"9,900",,1800,2100,10.00 Lakhs,(incl. Rooms + 3 Meals + Venue) /day for 30  rooms,Yes,"Indoor, Outdoor, Poolside, Terrace / Rooftop space",There is sufficient parking available,Inhouse & outside catering allowed,Outside decorators permitted,"In house DJ not available , Outside DJ permitted","In house alcohol available, Outside alcohol not  permitted",Hall,View Indoor Area,100,150,Terrace,View Outdoor Area,100,150,Lawn,View Outdoor Area,200,300,Poolside,View Poolside Area,40,70,,,,,,,,,,,,,,,,
Lake View Hotel and Resort,Wedding Venues,83,Kabir Nagar,2037,Resort,,"Akheraj Ji ka Talab, Kaylana Road, Jodhpur - Jaisalmer Highway, Pratap Nagar, Jodhpur, Rajasthan 342003",9351033969,"https://www.google.com/maps?q=26.2984992,72.98295399999999",65 Rooms,"7,200","20,000",1500,1698,,(incl. Rooms + 3 Meals + Venue) /day for 65  rooms,No,"Indoor, Outdoor space",There is sufficient parking available,Inhouse & outside catering allowed,Outside decorators permitted,"In house DJ not available , Outside DJ permitted","In house alcohol not available, Outside alcohol  permitted",Lawn ,Outdoor Area,4000,12000,Banquet,Indoor Area,400,1000,Conference Hall,Indoor Area,300,150,,,,,,,,,,,,,,,,,,,,
Fort Chanwa,Wedding Venues,83,Jodhpur,2037,Fort / Palace Hotel,,"Fort Chanwa Luni Restaurant, Jodhpur Ho, Circuit House Road, Jodhpur, India",2931284001,"https://www.google.com/maps?q=26.02347,73.00394",64 Rooms,"25,000","2,500,000",800,900,,(incl. Rooms + 3 Meals + Venue) /day for 100 rooms,Yes,"Indoor, Outdoor space",,Inhouse catering only,Inhouse decor,"In house DJ available, Outside DJ not permitted","In house alcohol not available, Outside alcohol not permitted",Lawn,Outdoor Area,500,800,Banquet hall,Indoor Area,150,250,,,,,,,,,,,,,,,,,,,,,,,,
The Laal Bagh Jodhpur,Wedding Venues,83,Khema-Ka-Kuwa,2037,Banquet Hall & Lawn,,"Opp Mokaaz cafe Pal, Bypass road, near veeru cricket academy, Jodhpur, Rajasthan 342001",9461846401,"https://www.google.com/maps?q=26.2243829,72.9782299",12 Rooms,"2,000","50,000",500,,,(incl. Rooms + 3 Meals + Venue) /day for 100 rooms,No,"Indoor, Outdoor space",There is sufficient parking available,Inhouse & outside catering allowed,Inhouse decor,"In house DJ available, Outside DJ permitted","In house alcohol available, Outside alcohol  permitted",Banquet and Lawn,Indoor & Outdoor Area,3000,4000,,,,,,,,,,,,,,,,,,,,,,,,,,,,
Kubergarh Resort,Wedding Venues,83,Chaukhan,2037,Wedding Lawn,,"Kuber Garh, Gopal Bari, Chaukhan, Rajasthan, India",9799986564,"https://www.google.com/maps?q=26.2617294,72.94624120000003",,"80,000",,500,,,(incl. Rooms + 3 Meals + Venue) /day for 100 rooms,Yes,Outdoor space,,Inhouse & outside catering allowed,Inhouse decor,"In house DJ available, Outside DJ permitted","In house alcohol available, Outside alcohol  permitted",Main Garden + Step Garden,Outdoor Area,2000,3000,Main Garden,Outdoor Area,1200,2000,Step Garden,Outdoor Area,500,750,Hall,Outdoor Area,100,150,,,,,,,,,,,,,,,,
Resort Golden Cave,Wedding Venues,83,Mandore,2037,Resort,,"Mandore, Jodhpur, Rajasthan 342026",9358590938,"https://www.google.com/maps?q=26.3344606,73.0468542",30 Rooms,"2,500",,550,750,,(incl. Rooms + 3 Meals + Venue) /day for 100 rooms,Yes,"Indoor, Outdoor space",There is sufficient parking available,Inhouse & outside catering allowed,Outside decorators permitted,"In house DJ available, Outside DJ permitted","In house alcohol available, Outside alcohol  permitted",Banquet hall,Indoor Area,120,150,Lawn,Outdoor Area,2000,2500,,,,,,,,,,,,,,,,,,,,,,,,
Amritam Palace,Wedding Venues,83,Chaukhan,2037,Fort / Palace Hotel,,"Amritam Palace(A Unit Of Hotel Holidays Resort), Jaisalmer Bypass Road, Vinayak Vihar, Gopal Bari, Jodhpur, Rajasthan, India",9784988881,"https://www.google.com/maps?q=26.2492016,72.95088140000007",55 Rooms,"5,000","200,000",900,,,(incl. Rooms + 3 Meals + Venue) /day for 100 rooms,Yes,"Indoor, Outdoor space",There is sufficient parking available,Inhouse & outside catering allowed,Outside decorators permitted,"In house DJ not available , Outside DJ permitted","In house alcohol not available, Outside alcohol  permitted",Banquet Hall,Indoor Area,150,250,Banquet Hall,Indoor Area,400,500,Banquet Hall,Indoor Area,1500,1800,lawn,Outdoor Area,2000,3000,,,,,,,,,,,,,,,,
Shivam Palace & Resort,Wedding Venues,83,Mandore,2037,Resort,,"Shivam Palace & Resort, New Nagour Road, Mandore, Jodhpur, Rajasthan, India",6377655844,"https://www.google.com/maps?q=26.3470748,73.0633701",21 Rooms,"2,500","21,000",600,,,(incl. Rooms + 3 Meals + Venue) /day for 100 rooms,No,"Indoor, Outdoor space",Parking is available near the venue,Inhouse & outside catering allowed,Outside decorators permitted,"In house DJ available, Outside DJ not permitted","In house alcohol not available, Outside alcohol not permitted",Banquet hall,Indoor Area,240,400,Lawn,Outdoor Area,300,500,,,,,,,,,,,,,,,,,,,,,,,,
Dream Connect Resort,Wedding Venues,83,Kudi Bhagtasni Housing Board,2037,Wedding Lawn,,"Dream Connect Resort, Jodhpur, Rajasthan, India",6377485146,"https://www.google.com/maps?q=26.212912,73.0400427",10 Rooms,"5,000",,400,,,(incl. Rooms + 3 Meals + Venue) /day for 100 rooms,Yes,Outdoor space,There is sufficient parking available,Inhouse catering only,Outside decorators permitted,"In house DJ available, Outside DJ permitted","In house alcohol not available, Outside alcohol not permitted",Lawn,Outdoor Area,100,150,,,,,,,,,,,,,,,,,,,,,,,,,,,,
Casa Concreto - Infinite Luxury,Wedding Venues,83,Jodhpur,2037,Wedding Lawn,,"Casa Concreto - Infinite Luxury, Jhanwar Road, Jhanwar, Rajasthan, India",8233545060,"https://www.google.com/maps?q=26.183391,72.87614049999999",3 Rooms,,,Price on Request,,,(incl. Rooms + 3 Meals + Venue) /day for 100 rooms,No,Outdoor space,There is sufficient parking available,Inhouse & outside catering allowed,Outside decorators permitted,"In house DJ not available , Outside DJ permitted","In house alcohol not available, Outside alcohol not permitted",Lawn ,Outdoor Area,250,300,,,,,,,,,,,,,,,,,,,,,,,,,,,,
Hotel Omni Plaza,Wedding Venues,83,Paota,2037,Banquet Hall & Lawn,,"Hotel Omni Plaza, Jodhpur",9799858614,"https://www.google.com/maps?q=26.297536,73.04077899999993",24 Rooms,"2,400","15,000",350,,,(incl. Rooms + 3 Meals + Venue) /day for 100 rooms,Yes,"Indoor, Outdoor space",,Inhouse & outside catering allowed,Outside decorators permitted,"In house DJ not available , Outside DJ permitted","In house alcohol not available, Outside alcohol  permitted",Hall & Lawn,Indoor & Outdoor Area,80,200,,,,,,,,,,,,,,,,,,,,,,,,,,,,
Hotel Surpura Bagh,Wedding Venues,83,Jodhpur,2037,Hotel,,"Hotel Surpura Bagh, Surpura Bypass Road, near National Law University, Jodhpur, Rajasthan, India",9257032374,"https://www.google.com/maps?q=26.3742253,73.0763456",48 Rooms,"15,000",,2200,,,(incl. Rooms + 3 Meals + Venue) /day for 48  rooms,No,Outdoor space,There is sufficient parking available,Inhouse catering only,Outside decorators permitted,"In house DJ not available , Outside DJ permitted","In house alcohol available, Outside alcohol not  permitted",Lawn,Outdoor Area,400,500,,,,,,,,,,,,,,,,,,,,,,,,,,,,
Fort Khareja,Wedding Venues,83,Air Force Area,2037,4 Star Fort / Palace Hotel,,"Khejarla, Rajasthan 342601",9829096866,"https://www.google.com/maps?q=26.23894689999999,73.02430939999999",17 Rooms,"12,000","30,000",800,1050,,(incl. Rooms + 3 Meals + Venue) /day for 100 rooms,Yes,"Outdoor, Poolside, Terrace / Rooftop space",,Inhouse catering only,Decorators from panel only,"In house DJ available, Outside DJ permitted","In house alcohol available, Outside alcohol not  permitted",Poolside,Poolside Area,70,150,Terrace,Outdoor Area,80,150,Courtyard,Outdoor Area,100,150,Sardar Mahal Garden,Outdoor Area,500,750,,,,,,,,,,,,,,,,
Sterling Amargarh Jodhpur,Wedding Venues,83,Khema-Ka-Kuwa,2037,Resort,,"Sterling Amargarh Jodhpur, Pal Road, Mansarover Colony, Jodhpur, Rajasthan, India",8126122535,"https://www.google.com/maps?q=26.2274765,72.9658134",52 Rooms,"4,500","50,000",800,1100,,(incl. Rooms + 3 Meals + Venue) /day for 49  rooms,No,"Indoor, Outdoor, Poolside space",There is sufficient parking available,Inhouse catering only,Outside decorators permitted,"In house DJ not available , Outside DJ permitted","In house alcohol available, Outside alcohol  permitted",Lawn,View Outdoor Area,1000,1200,Hall 1,View Indoor Area,300,400,Hall 2,View Indoor Area,600,700,,,,,,,,,,,,,,,,,,,,
Govind Bagh Resort,Wedding Venues,83,Jodhpur,2037,Lawn & Banquet Hall,,"Govind Bagh, opp. Ayurvedic University, Karwar, Jodhpur, Rajasthan, India",9420334766,"https://www.google.com/maps?q=26.453614,73.1016601",10 Rooms,"5,000",,300000,,,(incl. Rooms + 3 Meals + Venue) /day for 100 rooms,Yes,"Indoor, Outdoor space",There is sufficient parking available,Outside caterering only,Outside decorators permitted,"In house DJ not available , Outside DJ permitted","In house alcohol not available, Outside alcohol  permitted",Hall,Indoor Area,125,250,Lawn,Outdoor Area,500,700,,,,,,,,,,,,,,,,,,,,,,,,
A Heritage Homestay,Wedding Venues,83,Ratanada,2037,Wedding Lawn,,"A Heritage Homestay, Shiv Road, near New Loco colony, Subhash Chowk, Ratanada, Jodhpur, Rajasthan, India",9782012738,"https://www.google.com/maps?q=26.2797832,73.0295763",6 Rooms,"5,000",,Price on Request,,,(incl. Rooms + 3 Meals + Venue) /day for 100 rooms,No,Outdoor space,There is sufficient parking available,Inhouse catering only,Outside decorators permitted,"In house DJ not available , Outside DJ permitted","In house alcohol available, Outside alcohol  permitted",Lawn ,Outdoor Area,200,250,,,,,,,,,,,,,,,,,,,,,,,,,,,,
OneMore Jodhpur,Wedding Venues,83,Sardarpura,2037,Banquet Hall,,"19-24, Near Gandhi Maidan Parking Gate, Sardarpura B Road Jodhpur City, Rajasthan, India 342001",7340061768,"https://www.google.com/maps?q=26.27880279999999,73.00956169999999",,,,1200,,,(incl. Rooms + 3 Meals + Venue) /day for 100 rooms,No,Indoor space,Parking is available near the venue,Inhouse catering only,Outside decorators permitted,"In house DJ available, Outside DJ permitted","In house alcohol available, Outside alcohol not  permitted",Banquet,Indoor Area,180,300,,,,,,,,,,,,,,,,,,,,,,,,,,,,
Utsav Resort,Wedding Venues,83,Bhadu Market,2037,Lawn & Banquet Hall,,"Utsav Resort उत्सव, Road, near Dali Bai Mandir, Jhawar, Bhadu Market, Gangana, Jodhpur, Rajasthan, India",8003147128,"https://www.google.com/maps?q=26.2428397,72.9459813",12 Rooms,,,200000,,,(incl. Rooms + 3 Meals + Venue) /day for 100 rooms,Yes,"Indoor, Outdoor space",There is sufficient parking available,Outside caterering only,Outside decorators permitted,"In house DJ not available , Outside DJ permitted","In house alcohol not available, Outside alcohol  permitted",Hall,Indoor Area,40,45,Hall 2,Indoor Area,400,500,Lawn 1,Outdoor Area,1500,2000,Lawn 2,Outdoor Area,150,200,,,,,,,,,,,,,,,,
Barnella,Wedding Venues,83,Ajit Colony,2037,Banquet Hall,,"BARNELLA, Circuit House Road, Gayatri Colony, Ratanada, Jodhpur, Rajasthan, India",7665584000,"https://www.google.com/maps?q=26.2766395,73.0367704",,,,550,,,(incl. Rooms + 3 Meals + Venue) /day for 100 rooms,Yes,Indoor space,,Inhouse catering only,Outside decorators permitted,"In house DJ available, Outside DJ permitted","In house alcohol available, Outside alcohol  permitted",Hall,Indoor Area,80,120,,,,,,,,,,,,,,,,,,,,,,,,,,,,
Love Garden,Wedding Venues,83,Air Force Area,2037,Wedding Lawn,,"Love Garden, Jhalamand Cir, Basni, Jodhpur, Rajasthan, India",9414130269,"https://www.google.com/maps?q=26.2274233,73.06367929999999",,,,500,,,(incl. Rooms + 3 Meals + Venue) /day for 100 rooms,No,Outdoor space,,Inhouse & outside catering allowed,Outside decorators permitted,"In house DJ available, Outside DJ permitted","In house alcohol not available, Outside alcohol not permitted",Lawn,Outdoor Area,450,700,,,,,,,,,,,,,,,,,,,,,,,,,,,,
Pratap Niwas - An Amritara Resort,Wedding Venues,83,Jodhpur,2037,Resort,,"Pratap Niwas - An Amritara Resort, Jhalamand, Jodhpur, Rajasthan, India",7340396648,"https://www.google.com/maps?q=26.21346,73.0628666",38 Rooms,"15,000","150,000",250000,,,(incl. Rooms + 3 Meals + Venue) /day for 100 rooms,Yes,"Indoor, Outdoor, Poolside space",,Outside caterering only,Outside decorators permitted,"In house DJ not available , Outside DJ permitted","In house alcohol available, Outside alcohol  permitted",Banquet,Indoor Area,50,75,Pool Area,Poolside Area,150,200,Lawn 1,Outdoor Area,400,600,Lawn 2,Outdoor Area,400,600,Lawn 3,Outdoor Area,400,600,Lawn 4,Outdoor Area,1100,1500,,,,,,,,
On The Farm (OTF),Wedding Venues,83,Air Force Area,2037,Wedding Lawn,,"ON THE FARM (OTF), near Airport, opp. Old Polo Ground, Paradise Villa, Jodhpur, Rajasthan, India",7014295011,"https://www.google.com/maps?q=26.2644886,73.0593399",,,,800,800,,(incl. Rooms + 3 Meals + Venue) /day for 100 rooms,No,Outdoor space,There is sufficient parking available,Inhouse catering only,Outside decorators permitted,"In house DJ not available , Outside DJ permitted","In house alcohol not available, Outside alcohol not permitted",Lawn,Outdoor Area,500,550,,,,,,,,,,,,,,,,,,,,,,,,,,,,
Novotel Jodhpur ITI Circle,Wedding Venues,83,Basni,2037,5 Star Hotel,,"Novotel Jodhpur ITI Circle, Cazri Road, near ITI Road, Sector G, Junction, Jodhpur, Rajasthan, India",9773323791,"https://www.google.com/maps?q=26.2614214,73.0009302",93 Rooms,"9,500",,1450,,,(incl. Rooms + 3 Meals + Venue) /day for -7  rooms,Yes,"Indoor, Outdoor space",Parking is available near the venue,Inhouse catering only,Outside decorators permitted,"In house DJ not available , Outside DJ permitted","In house alcohol available, Outside alcohol not  permitted",Banquet Hall 1,Indoor Area,225,300,Banquet Hall 2,Indoor Area,112,150,Lawn,Outdoor Area,1800,2500,,,,,,,,,,,,,,,,,,,,
Deora Marriage Garden,Wedding Venues,83,Rawat Nagar,2037,Wedding Lawn,,"Deora Marriage Garden, Mata Ka Than Road, Near Dharm kata, D-Kirtinagar, Rawat Nagar, Jodhpur, Rajasthan, India",7737687475,"https://www.google.com/maps?q=26.32460339999999,73.070285",,"40,000",,700,800,,(incl. Rooms + 3 Meals + Venue) /day for 100 rooms,No,Outdoor space,,Inhouse & outside catering allowed,Inhouse decor,"In house DJ not available , Outside DJ permitted","In house alcohol not available, Outside alcohol  permitted",Lawn,Outdoor Area,430,700,,,,,,,,,,,,,,,,,,,,,,,,,,,,
Amaara Resorts Jodhpur,Wedding Venues,83,Air Force Area,2037,Resort,,"Jodhpur, Rajasthan, India",8875127775,"https://www.google.com/maps?q=26.23894689999999,73.02430939999999",46 Rooms,"3,999","300,000",499,,,(incl. Rooms + 3 Meals + Venue) /day for 100 rooms,Yes,"Indoor, Outdoor, Poolside space",,Inhouse & outside catering allowed,Outside decorators permitted,"In house DJ available, Outside DJ permitted","In house alcohol not available, Outside alcohol not permitted",Blue Royal Hall,Indoor Area,200,300,Mughal Garden,Outdoor Area,1500,2000,Farm Lawn,Outdoor Area,350,700,Poolside,Poolside Area,70,100,Blue Royal Hall + Farm House +Mughal Garden,Indoor & Outdoor Area,2000,3000,,,,,,,,,,,,
Rawat Hotel,Wedding Venues,83,Jodhpur,2037,Banquet Hall & Lawn,,,2912545622,,25 Rooms,"2,500",,1000,,,(incl. Rooms + 3 Meals + Venue) /day for 100 rooms,No,"Indoor, Outdoor space",There is sufficient parking available,Inhouse catering only,Outside decorators permitted,"In house DJ available, Outside DJ permitted","In house alcohol not available, Outside alcohol not permitted",Banquet,Indoor Area,300,500,Lawn,Outdoor Area,500,1000,,,,,,,,,,,,,,,,,,,,,,,,
Dhora Desert Resort & Spa,Wedding Venues,83,Jodhpur,2037,Resort,,"Dhora Desert Resort & Spa, Dhora Desert Resort & Spa, Gogadevgarh, Shekhala, Rajasthan, India",9560012111,"https://www.google.com/maps?q=26.5881958,72.4077902",22 Rooms,"5,500",,Price on Request,,,(incl. Rooms + 3 Meals + Venue) /day for 100 rooms,No,Outdoor space,,Inhouse catering only,Outside decorators permitted,"In house DJ available, Outside DJ not permitted","In house alcohol not available, Outside alcohol  permitted",Desert lawn,Outdoor Area,650,1000,,,,,,,,,,,,,,,,,,,,,,,,,,,,
Otc Grand,Wedding Venues,83,Jodhpur,2037,Hotel,,"OTC Resorts And Water Park, opp. gramin police line, Daijar, Jodhpur, Rajasthan, Republic of India",9602730700,"https://www.google.com/maps?q=26.4079797,73.05642089999999",78 Rooms,"2,500","11,000",500,,,(incl. Rooms + 3 Meals + Venue) /day for 100 rooms,No,"Indoor, Outdoor space",There is sufficient parking available,Inhouse & outside catering allowed,Outside decorators permitted,"In house DJ available, Outside DJ permitted","In house alcohol not available, Outside alcohol  permitted",banquet 1,Indoor Area,200,250,banquet 2,Indoor Area,200,250,banquet 3,Indoor Area,450,500,lawn,Outdoor Area,2950,3000,poolside,Outdoor Area,550,600,,,,,,,,,,,,
The Garden Marriage Palace,Wedding Venues,83,Chopasni Housing Board,2037,Wedding Lawn,,"THE GARDEN MARRIAGE PALACE, Chopasani Rd, Chopasni Housing Board, Jodhpur, Rajasthan, India",9782998391,"https://www.google.com/maps?q=26.26340649999999,72.9602896",,,,700,800,,(incl. Rooms + 3 Meals + Venue) /day for 100 rooms,No,Outdoor space,,Inhouse & outside catering allowed,Outside decorators permitted,"In house DJ available, Outside DJ permitted","In house alcohol not available, Outside alcohol not permitted",Lawn,Outdoor Area,1000,1500,,,,,,,,,,,,,,,,,,,,,,,,,,,,
Lakshita Garden & Hotel,Wedding Venues,83,Air Force Area,2037,Hotel,,"Lakshita Garden and Hotel, Pali Road, Surya Colony, Jodhpur, Rajasthan, India",9462622626,"https://www.google.com/maps?q=26.2650561,73.0198303",24 Rooms,"2,000",,200000,,,(incl. Rooms + 3 Meals + Venue) /day for 100 rooms,Yes,"Indoor, Outdoor space",There is sufficient parking available,Inhouse catering only,Outside decorators permitted,"In house DJ not available , Outside DJ permitted","In house alcohol not available, Outside alcohol not permitted",Lawn,Outdoor Area,1000,1200,Hall,Indoor Area,120,150,,,,,,,,,,,,,,,,,,,,,,,,
Aura,Wedding Venues,83,Sardarpura,2037,Small Function Hall,,"Main Pal Road, Sector-E, Shastri Nagar, Jodhpur, Rajasthan",9829077962,"https://www.google.com/maps?q=26.274288,73.00315599999999",,,,475,,,(incl. Rooms + 3 Meals + Venue) /day for 100 rooms,Yes,Indoor space,Parking is available near the venue,Inhouse catering only,Decorators from panel only,"In house DJ available, Outside DJ not permitted",,Hall,Indoor Area,50,60,,,,,,,,,,,,,,,,,,,,,,,,,,,,
Empire Resort,Wedding Venues,83,Bhadu Market,2037,Resort,,"Jaisalmer Bypass Rd, opposite Indian Oil Petrol Pump, Gopal Bari, Jodhpur, Rajasthan 342008",7976397545,"https://www.google.com/maps?q=26.240316,72.9524261",20 Rooms,"1,000",,600,,,(incl. Rooms + 3 Meals + Venue) /day for 100 rooms,No,"Indoor, Outdoor space",There is sufficient parking available,Inhouse & outside catering allowed,Outside decorators permitted,"In house DJ available, Outside DJ permitted","In house alcohol available, Outside alcohol  permitted",Lawn,Outdoor Area,1600,2000,Hall,Indoor Area,400,500,,,,,,,,,,,,,,,,,,,,,,,,
Sudama Vatika,Wedding Venues,83,Jodhpur,2037,Wedding Lawn,,"Sudama Vatika, Ram Sagar Chauraha, Ashok Colony, D-Kirtinagar, Maderana Colony, Jodhpur, Rajasthan, India",7737901658,"https://www.google.com/maps?q=26.322464,73.0612804",,,,700,,,(incl. Rooms + 3 Meals + Venue) /day for 100 rooms,No,Outdoor space,,Inhouse & outside catering allowed,Outside decorators permitted,"In house DJ not available , Outside DJ permitted","In house alcohol not available, Outside alcohol not permitted",Lawn,Outdoor Area,600,1000,,,,,,,,,,,,,,,,,,,,,,,,,,,,
Idar House,Wedding Venues,83,Bhadu Market,2037,Wedding Lawn,,"Idar house, Unnamed Road, Gopal Bari, Jodhpur, Rajasthan, India",8618658730,"https://www.google.com/maps?q=26.2522392,72.9381251",,,,Price on Request,,,(incl. Rooms + 3 Meals + Venue) /day for 100 rooms,No,Outdoor space,There is sufficient parking available,Inhouse catering only,Outside decorators permitted,"In house DJ available, Outside DJ permitted","In house alcohol not available, Outside alcohol not permitted",Lawn Area,Outdoor Area,200,300,,,,,,,,,,,,,,,,,,,,,,,,,,,,
Bhagwati Vilas,Wedding Venues,83,Jodhpur,2037,Wedding Lawn,,"Bhagwati Vilas, Jodhpur, Rajasthan, India",9414149630,"https://www.google.com/maps?q=26.2553756,73.0797955",11 Rooms,"2,000",,50000,,,(incl. Rooms + 3 Meals + Venue) /day for 100 rooms,Yes,Outdoor space,Parking is available near the venue,Outside caterering only,Outside decorators permitted,"In house DJ available, Outside DJ permitted","In house alcohol not available, Outside alcohol  permitted",Lawn,Outdoor Area,120,200,,,,,,,,,,,,,,,,,,,,,,,,,,,,
Kesar Baag - Banquet & Garden,Wedding Venues,83,Bhadu Market,2037,Lawn & Banquet Hall,,"KESAR BAAG - Banquet & Garden, circle, near dali bai mandir, Bhadu Market, Jodhpur, Rajasthan, India",8955661199,"https://www.google.com/maps?q=26.2421528,72.9449735",6 Rooms,,,Price on Request,,,(incl. Rooms + 3 Meals + Venue) /day for 100 rooms,No,"Indoor, Outdoor space",There is sufficient parking available,Inhouse & outside catering allowed,Outside decorators permitted,"In house DJ not available , Outside DJ permitted","In house alcohol not available, Outside alcohol  permitted",Hall,Indoor Area,300,400,Lawn,Outdoor Area,3000,4000,,,,,,,,,,,,,,,,,,,,,,,,
Celebration Banquet - Dhillon House,Wedding Venues,83,Air Force Area,2037,Banquet Hall,,"3, Central School Scheme Main Road, Air Force Area, Jodhpur, Rajasthan, India",9636086026,"https://www.google.com/maps?q=26.25946579999999,73.03821820000007",,,,Price on Request,,,(incl. Rooms + 3 Meals + Venue) /day for 100 rooms,Yes,Indoor space,,Inhouse & outside catering allowed,Outside decorators permitted,"In house DJ not available , Outside DJ permitted","In house alcohol not available, Outside alcohol  permitted",Banquet Hall,Indoor Area,50,150,,,,,,,,,,,,,,,,,,,,,,,,,,,,
Radisson Jodhpur,Wedding Venues,83,Ratanada,2037,Hotel,,"Radisson Jodhpur, Gaurav Path, Residency Road, Air Force Area, Jodhpur, Rajasthan, India",9116633017,"https://www.google.com/maps?q=26.264314,73.03118599999999",96 Rooms,"15,000","199,999",1600,,,(incl. Rooms + 3 Meals + Venue) /day for 96  rooms,Yes,"Indoor, Outdoor, Terrace / Rooftop space",There is sufficient parking available,Inhouse catering only,Outside decorators permitted,"In house DJ available, Outside DJ permitted","In house alcohol available, Outside alcohol not  permitted",Samaroh,Indoor Area,150,200,Utsav,Indoor Area,175,220,Lawn,Outdoor Area,500,700,Jashn,Indoor Area,50,70,Roof Top,Outdoor Area,120,150,,,,,,,,,,,,
Hari Mangal Garden,Wedding Venues,83,Jodhpur,2037,Wedding Lawn,,"Hari Mangal Garden, 80 Feet Road, Vidhya Nagar, Jodhpur, Rajasthan, India",9314215468,"https://www.google.com/maps?q=26.31663189999999,73.06012439999999",,,,500,,,(incl. Rooms + 3 Meals + Venue) /day for 100 rooms,No,Outdoor space,,Inhouse & outside catering allowed,Outside decorators permitted,"In house DJ available, Outside DJ permitted","In house alcohol available, Outside alcohol  permitted",Lawn,Outdoor Area,450,750,,,,,,,,,,,,,,,,,,,,,,,,,,,,
Dev Vatika Marriage Garden,Wedding Venues,83,Bhadu Market,2037,Wedding Lawn,,"Dev Vatika, Babra Rd, Bhadu Market, Jodhpur, Rajasthan, India",9660137200,"https://www.google.com/maps?q=26.2363185,72.96730819999999",,"25,000",,600,700,,(incl. Rooms + 3 Meals + Venue) /day for 100 rooms,No,Outdoor space,,Inhouse catering only,Inhouse decor,"In house DJ available, Outside DJ permitted","In house alcohol not available, Outside alcohol  permitted",Lawn,Outdoor Area,600,1000,,,,,,,,,,,,,,,,,,,,,,,,,,,,
The Marwar Hotel & Gardens,Wedding Venues,83,Ratanada,2037,Hotel,,"Jodhpur, Station Road, Ratanada, Jodhpur, Rajasthan 342001, India",9929590008,"https://www.google.com/maps?q=26.2837696,73.0226358",34 Rooms,"3,000",,Price on Request,,,(incl. Rooms + 3 Meals + Venue) /day for 100 rooms,No,Outdoor space,There is sufficient parking available,Outside caterering only,Outside decorators permitted,"In house DJ not available , Outside DJ permitted","In house alcohol not available, Outside alcohol  permitted",Lawn,Outdoor Area,800,1200,,,,,,,,,,,,,,,,,,,,,,,,,,,,
Moti Vilas,Wedding Venues,83,Ajit Colony,2037,Wedding Lawn,,"Moti Vilas, old public park, Umed Club Road, Ajit Colony, Jodhpur, Rajasthan, India",9413779864,"https://www.google.com/maps?q=26.2881012,73.03348629999999",5 Rooms,,,300,500,,(incl. Rooms + 3 Meals + Venue) /day for 100 rooms,Yes,Outdoor space,There is sufficient parking available,Inhouse & outside catering allowed,Outside decorators permitted,"In house DJ not available , Outside DJ permitted","In house alcohol not available, Outside alcohol  permitted",Lawn,Outdoor Area,60,80,,,,,,,,,,,,,,,,,,,,,,,,,,,,
Shivgarh Resort,Wedding Venues,83,Bhadu Market,2037,Resort,,"shivgarh resort, Jaisalmer Bypass Road, chopasni, Jodhpur, Rajasthan, India",8003008884,"https://www.google.com/maps?q=26.24375879999999,72.94761729999999",32 Rooms,"3,000",,200000,,,(incl. Rooms + 3 Meals + Venue) /day for 100 rooms,No,Outdoor space,There is sufficient parking available,Outside caterering only,Outside decorators permitted,"In house DJ available, Outside DJ permitted","In house alcohol not available, Outside alcohol  permitted",Lawn,Outdoor Area,2000,2500,,,,,,,,,,,,,,,,,,,,,,,,,,,,
Kana Hotel & Restaurant,Wedding Venues,83,Jodhpur,2037,Banquet Hall & Lawn,,"Kana Hotel & Restaurant, Surpura Bypass Road, opp. Petrol Pump, Jodhpur, Rajasthan, India",6377119981,"https://www.google.com/maps?q=26.3814257,73.0665459",21 Rooms,"2,000",,400,,,(incl. Rooms + 3 Meals + Venue) /day for 100 rooms,Yes,"Indoor, Outdoor, Poolside space",There is sufficient parking available,Inhouse & outside catering allowed,Outside decorators permitted,"In house DJ available, Outside DJ permitted","In house alcohol available, Outside alcohol  permitted",Lawn,Outdoor Area,350,500,Banquet,Indoor Area,150,200,Poolside,Poolside Area,50,70,,,,,,,,,,,,,,,,,,,,
Bhaskar Vatika,Wedding Venues,83,Pratap Nagar,2037,Wedding Lawn,,"Kabir Nagar, Jodhpur, Rajasthan, India",9413116667,"https://www.google.com/maps?q=26.2994785,72.9941482",,"50,000",,Price on Request,,,(incl. Rooms + 3 Meals + Venue) /day for 100 rooms,No,Outdoor space,There is sufficient parking available,Inhouse catering only,Decorators from panel only,"In house DJ not available , Outside DJ permitted","In house alcohol not available, Outside alcohol  permitted",lawn,Outdoor Area,610,750,,,,,,,,,,,,,,,,,,,,,,,,,,,,
Sisodia Marriage Garden,Wedding Venues,83,Chopasni Housing Board,2037,Banquet Hall & Lawn,,"Sisodia Garden, Pal Road, Jodhpur",9829246477,"https://www.google.com/maps?q=26.264161,72.98683879999999",8 Rooms,"175,000",,600,800,,(incl. Rooms + 3 Meals + Venue) /day for 100 rooms,No,"Indoor, Outdoor space",,Panel caterers allowed,Outside decorators permitted,"In house DJ not available , Outside DJ permitted","In house alcohol available, Outside alcohol  permitted",Hall & Lawn,Indoor & Outdoor Area,800,2000,,,,,,,,,,,,,,,,,,,,,,,,,,,,
Gs Hotel And Resort,Wedding Venues,83,Bhadu Market,2037,Lawn & Banquet Hall,,"GS HOTEL AND RESORT, Jaisalmer - Jodhpur Road, Gopal Bari, Jodhpur, Rajasthan, India",9971039982,"https://www.google.com/maps?q=26.2545046,72.9456845",4 Rooms,,,199000,,,(incl. Rooms + 3 Meals + Venue) /day for 100 rooms,Yes,"Indoor, Outdoor space",There is sufficient parking available,Inhouse & outside catering allowed,Inhouse decor,"In house DJ available, Outside DJ permitted","In house alcohol not available, Outside alcohol not permitted",Banquet,Indoor Area,150,200,Lawn,Outdoor Area,1500,2500,,,,,,,,,,,,,,,,,,,,,,,,
Shreeji Garden,Wedding Venues,83,Khema-Ka-Kuwa,2037,Wedding Lawn,,"Shreeji Garden, AIIMS Road, Opp AIIMS Hospital, Gulab Nagar, Khema-Ka-Kuwa, Jodhpur, Rajasthan, India",9414128505,"https://www.google.com/maps?q=26.2445306,72.99016019999999",,"20,000",,500,,,(incl. Rooms + 3 Meals + Venue) /day for 100 rooms,No,Outdoor space,,Inhouse catering only,Inhouse decor,"In house DJ not available , Outside DJ permitted","In house alcohol available, Outside alcohol  permitted",Lawn,Outdoor Area,900,1500,,,,,,,,,,,,,,,,,,,,,,,,,,,,
Skyzz,Wedding Venues,83,Ajit Colony,2037,Banquet Hall,,"Ajit Colony, Jodhpur, Rajasthan, India",9251062401,"https://www.google.com/maps?q=26.2843677,73.0359833",,,,400,,,(incl. Rooms + 3 Meals + Venue) /day for 100 rooms,No,"Indoor, Terrace / Rooftop space",,Inhouse catering only,Decorators from panel only,"In house DJ available, Outside DJ not permitted","In house alcohol not available, Outside alcohol not permitted",Hall ,Indoor Area,350,500,Terrace,Outdoor Area,180,300,,,,,,,,,,,,,,,,,,,,,,,,
Garh Govind,Wedding Venues,83,Chaukhan,2037,Hotel,,"Garh Govind, Gopal Bari, Jodhpur, Rajasthan, India",2912760538,"https://www.google.com/maps?q=26.2598038,72.94906659999992",64 Rooms,"4,000","150,000",700,1000,,(incl. Rooms + 3 Meals + Venue) /day for 100 rooms,No,"Indoor, Outdoor space",,Inhouse & outside catering allowed,Outside decorators permitted,"In house DJ not available , Outside DJ permitted","In house alcohol available, Outside alcohol  permitted",Banquet 1,Indoor Area,250,300,Banquet 2,Indoor Area,250,300,Lawn 1,Outdoor Area,750,1000,Lawn 2,Outdoor Area,1800,2000,,,,,,,,,,,,,,,,
Oswal Community Center,Wedding Venues,83,Sardarpura,2037,Lawn & Banquet Hall,,"Sardarpura, Jodhpur, Rajasthan, India",2912615972,"https://www.google.com/maps?q=26.2772956,73.01202450000001",,,,300,,,(incl. Rooms + 3 Meals + Venue) /day for 100 rooms,No,"Indoor, Outdoor space",,Inhouse & outside catering allowed,Outside decorators permitted,"In house DJ available, Outside DJ permitted","In house alcohol not available, Outside alcohol not permitted",Hall ,Indoor Area,250,400,Lawn ,Outdoor Area,1050,1500,,,,,,,,,,,,,,,,,,,,,,,,
Rainbow Garden & Restaurant,Wedding Venues,83,Air Force Area,2037,Banquet Hall & Lawn,,Rainbow Garden & Restaurant,7568367137,"https://www.google.com/maps?q=26.2389469,73.02430939999999",,"15,000",,Price on Request,,,(incl. Rooms + 3 Meals + Venue) /day for 100 rooms,Yes,"Indoor, Outdoor space",There is sufficient parking available,Inhouse & outside catering allowed,Outside decorators permitted,"In house DJ not available ,  Outside DJ not permitted","In house alcohol not available, Outside alcohol not permitted",Banquet+ Lawn,Indoor & Outdoor Area,100,130,,,,,,,,,,,,,,,,,,,,,,,,,,,,
Ganesh Vatika,Wedding Venues,83,Laxmi Nagar,2037,Wedding Lawn,,"Ganesh Vatika, Paota C Road, Deep Shikha Bhawan, Laxmi Nagar, Jodhpur, Rajasthan, India",9829594448,"https://www.google.com/maps?q=26.30256229999999,73.0447769",,,,500,600,,(incl. Rooms + 3 Meals + Venue) /day for 100 rooms,No,Outdoor space,,Inhouse & outside catering allowed,Outside decorators permitted,"In house DJ available, Outside DJ permitted","In house alcohol not available, Outside alcohol not permitted",Lawn,Outdoor Area,650,1000,,,,,,,,,,,,,,,,,,,,,,,,,,,,
Hotel Mapple Abhay,Wedding Venues,83,Paota,2037,Hotel,,"Hotel Mapple Abhay, Hotel Mapple Abhay, Paota Circle, Paota, Jodhpur, Rajasthan, India",9166110291,"https://www.google.com/maps?q=26.2952372,73.03890539999999",72 Rooms,"5,000",,750,850,,(incl. Rooms + 3 Meals + Venue) /day for 100 rooms,No,Indoor space,There is sufficient parking available,Inhouse & outside catering allowed,Outside decorators permitted,"In house DJ available, Outside DJ permitted","In house alcohol not available, Outside alcohol not permitted",Banquet Hall,Indoor Area,250,300,,,,,,,,,,,,,,,,,,,,,,,,,,,,
A. R Excellency,Wedding Venues,83,Chopasni Housing Board,2037,Small Function Hall,,"A. R Excellency by AE & GS HOTEL, Main Chopasni Road, 4th Puliya, Chopasni Housing Board, Jodhpur, Rajasthan, India",8094133111,"https://www.google.com/maps?q=26.2701042,72.9741805",23 Rooms,,,350,,,(incl. Rooms + 3 Meals + Venue) /day for 100 rooms,Yes,Indoor space,There is sufficient parking available,Inhouse & outside catering allowed,Outside decorators permitted,"In house DJ not available , Outside DJ permitted","In house alcohol not available, Outside alcohol  permitted",Hall,Indoor Area,60,70,,,,,,,,,,,,,,,,,,,,,,,,,,,,
Hotel Gul,Wedding Venues,83,Chopasni Housing Board,2037,Wedding Lawn,,"Hotel Gul, Chopasani Road, Sector 16, Chopasni Housing Board, Jodhpur, Rajasthan, India",9982235786,"https://www.google.com/maps?q=26.2664241,72.97004609999999",,,,400,600,,(incl. Rooms + 3 Meals + Venue) /day for 100 rooms,No,Outdoor space,,Inhouse & outside catering allowed,Outside decorators permitted,"In house DJ available, Outside DJ permitted","In house alcohol available, Outside alcohol not  permitted",Lawn,Outdoor Area,600,1000,,,,,,,,,,,,,,,,,,,,,,,,,,,,
Kurja Resort,Wedding Venues,83,Jodhpur,2037,Resort,,"Kurja Resort, Phalodi, Rajasthan, India",7568854103,"https://www.google.com/maps?q=27.1197748,72.4105471",20 Rooms,"2,999",,Price on Request,,,(incl. Rooms + 3 Meals + Venue) /day for 100 rooms,No,"Indoor, Outdoor space",There is sufficient parking available,Outside caterering only,Outside decorators permitted,"In house DJ not available , Outside DJ permitted","In house alcohol not available, Outside alcohol  permitted",Banquet Hall With Lawn,Indoor & Outdoor Area,1000,1200,,,,,,,,,,,,,,,,,,,,,,,,,,,,
Hanuwant Niwas,Wedding Venues,83,Paota,2037,Wedding Lawn,,"Hanuwant Niwas, 2nd street, Bhadwasiya, Paota, Jodhpur, Rajasthan, India",9414194999,"https://www.google.com/maps?q=26.3018516,73.03667089999999",14 Rooms,"3,500",,100000,,,(incl. Rooms + 3 Meals + Venue) /day for 100 rooms,Yes,Outdoor space,There is sufficient parking available,Inhouse & outside catering allowed,Outside decorators permitted,"In house DJ available, Outside DJ permitted","In house alcohol not available, Outside alcohol not permitted",Lawn,Outdoor Area,150,200,,,,,,,,,,,,,,,,,,,,,,,,,,,,
Shri Ram Empire,Wedding Venues,83,Baldev Nagar,2037,Banquet Hall,,"617 A/B 12th Road circle,, Residency Rd, opp. Barkattullah khan stadium, Air Force Area, Jodhpur, Rajasthan 342001",2912641400,"https://www.google.com/maps?q=26.2736804,72.9990596",20 Rooms,"1,200","10,000",550,,,(incl. Rooms + 3 Meals + Venue) /day for 100 rooms,Yes,Indoor space,Parking is available near the venue,Inhouse catering only,Outside decorators permitted,"In house DJ available, Outside DJ permitted","In house alcohol not available, Outside alcohol not permitted",hall ,Indoor Area,80,120,,,,,,,,,,,,,,,,,,,,,,,,,,,,
7th Mile Heritage,Wedding Venues,83,Jodhpur,2037,Wedding Lawn,,"7th Mile Heritage, Mandore, Jodhpur, Rajasthan, India",9414256067,"https://www.google.com/maps?q=26.361622,73.04964799999999",1 Rooms,,,71000,,,(incl. Rooms + 3 Meals + Venue) /day for 100 rooms,Yes,"Outdoor, Terrace / Rooftop space",There is sufficient parking available,Inhouse & outside catering allowed,Outside decorators permitted,"In house DJ not available , Outside DJ permitted","In house alcohol not available, Outside alcohol  permitted",Lawn,Outdoor Area,100,120,Lounge,Outdoor Area,100,120,,,,,,,,,,,,,,,,,,,,,,,,
Brahmgarh Palace,Wedding Venues,83,Rawat Nagar,2037,Wedding Lawn,,"BRAHMGARH PALACE, 80 Feet Rd, near Mata Ka Than, Mata Ka Than, Rawat Nagar, Jodhpur, Rajasthan, India",9602942242,"https://www.google.com/maps?q=26.3209875,73.07273959999999",15 Rooms,,,160000,,,(incl. Rooms + 3 Meals + Venue) /day for 100 rooms,Yes,Outdoor space,There is sufficient parking available,Inhouse & outside catering allowed,Inhouse decor,"In house DJ available, Outside DJ permitted","In house alcohol available, Outside alcohol  permitted",Lawn,Outdoor Area,150,200,,,,,,,,,,,,,,,,,,,,,,,,,,,,
Hotel Imperial Plaza,Wedding Venues,83,Khema-Ka-Kuwa,2037,Banquet Hall & Lawn,,"Hotel Imperial Plaza, Pal village, Jodhpur, Rajasthan, India",9649799137,"https://www.google.com/maps?q=26.2230321,72.9690993",22 Rooms,"2,000",,700,800,,(incl. Rooms + 3 Meals + Venue) /day for 100 rooms,Yes,"Indoor, Outdoor space",,Inhouse & outside catering allowed,Outside decorators permitted,"In house DJ available, Outside DJ permitted","In house alcohol available, Outside alcohol  permitted",Hall,Indoor Area,125,200,Lawn,Outdoor Area,1250,2000,,,,,,,,,,,,,,,,,,,,,,,,
Mandap Garden,Wedding Venues,83,Jhalamand,2037,Banquet Hall,,"NH62, Prithviraj Nagar, Jodhpur, Rajasthan, India",9990958191,"https://www.google.com/maps?q=26.2297009,73.0372119",,"50,000",,Price on Request,,,(incl. Rooms + 3 Meals + Venue) /day for 100 rooms,No,"Indoor, Outdoor space",There is sufficient parking available,Inhouse catering only,Decorators from panel only,"In house DJ not available , Outside DJ permitted","In house alcohol not available, Outside alcohol  permitted",hall + lawn,Indoor & Outdoor Area,700,1000,,,,,,,,,,,,,,,,,,,,,,,,,,,,
Shahi Bagh,Wedding Venues,83,Chopasni Housing Board,2037,Hotel,,"Shahi Bagh, Filter House Rd, Jwala Vihar, Jodhpur, Rajasthan, India",9782484300,"https://www.google.com/maps?q=26.265998,72.96287600000005",38 Rooms,"4,000","15,000",750,,,(incl. Rooms + 3 Meals + Venue) /day for 100 rooms,No,"Indoor, Outdoor space",,Inhouse & outside catering allowed,Outside decorators permitted,"In house DJ not available , Outside DJ permitted","In house alcohol not available, Outside alcohol not permitted",Banquet 1,Indoor Area,300,400,Banquet 2,Indoor Area,500,700,Lawn 1,Outdoor Area,1450,2000,Lawn 2,Outdoor Area,3500,5000,,,,,,,,,,,,,,,,
Desert Haveli Resort & Camp,Wedding Venues,83,Jodhpur,2037,Lawn & Banquet Hall,,"Desert Haveli Resort & Camp Jodhpur-Best Hotels in Jodhpur, Shaitrāwa, Rajasthan, India",6350034902,"https://www.google.com/maps?q=26.5466762,72.37178709999999",2 Rooms,,,800,1199,,(incl. Rooms + 3 Meals + Venue) /day for 100 rooms,Yes,"Indoor, Outdoor space",There is sufficient parking available,Inhouse catering only,Inhouse decor,"In house DJ available, Outside DJ permitted","In house alcohol available, Outside alcohol  permitted",Desert Lawn,Outdoor Area,650,1000,Meeting Room,Indoor Area,40,60,,,,,,,,,,,,,,,,,,,,,,,,
Taj Hari Mahal,Wedding Venues,83,Air Force Area,2037,5 Star Resort,,"Taj Hari Mahal, Jodhpur, 5th, Residency Rd, Surya Colony, Jodhpur, Rajasthan, India",2912439700,"https://www.google.com/maps?q=26.2674108,73.01925829999999",15 Rooms,"6,800",,Price on Request,,,(incl. Rooms + 3 Meals + Venue) /day for 100 rooms,No,Outdoor space,,Inhouse catering only,Decorators from panel only,"In house DJ available, Outside DJ not permitted","In house alcohol available, Outside alcohol not  permitted",Lawn ,Outdoor Area,1000,1500,,,,,,,,,,,,,,,,,,,,,,,,,,,,
Hotel Shree Ram International,Wedding Venues,83,Air Force Area,2037,Hotel,,"Near Panch Batti Circle, Residency Road, Jodhpur, Rajasthan 342011",2912671100,"https://www.google.com/maps?q=26.23894689999999,73.02430939999999",54 Rooms,"7,500","30,000",800,,,(incl. Rooms + 3 Meals + Venue) /day for 100 rooms,Yes,"Indoor, Outdoor, Poolside space",,Inhouse catering only,Decorators from panel only,"In house DJ available, Outside DJ permitted","In house alcohol not available, Outside alcohol not permitted",Poolside Lawn,Poolside Area,100,150,Mandore hall ,Indoor Area,400,600,Front Lawn ,Outdoor Area,600,900,Main Lawn,Outdoor Area,3500,5000,,,,,,,,,,,,,,,,
NS Garden Pal Road,Wedding Venues,83,Chopasni Housing Board,2037,Wedding Lawn,,"NS Garden Pal Road, Pal Road, Shanker Nager, Milkman Colony, Jodhpur, Rajasthan, India",8005999036,"https://www.google.com/maps?q=26.2605098,72.9877369",9 Rooms,,,700,,,(incl. Rooms + 3 Meals + Venue) /day for 100 rooms,No,Outdoor space,There is sufficient parking available,Inhouse catering only,Inhouse decor,"In house DJ available, Outside DJ permitted","In house alcohol available, Outside alcohol  permitted",Lawn,Outdoor Area,1500,2250,,,,,,,,,,,,,,,,,,,,,,,,,,,,
Meera Vatika,Wedding Venues,83,Soorsagar,2037,Lawn & Banquet Hall,,"Soorsagar, Jodhpur, Rajasthan, India",9928959533,"https://www.google.com/maps?q=26.319655,73.000799",,,,550,,,(incl. Rooms + 3 Meals + Venue) /day for 100 rooms,Yes,"Indoor, Outdoor space",,Inhouse & outside catering allowed,Outside decorators permitted,"In house DJ not available ,  Outside DJ not permitted","In house alcohol not available, Outside alcohol not permitted",Hall,Indoor Area,150,250,Lawn,Outdoor Area,2000,3000,,,,,,,,,,,,,,,,,,,,,,,,
Hotel Pioneer Plaza,Wedding Venues,83,Ajit Colony,2037,Banquet Hall,,"Pioneer Plaza Jodhpur, behind Dharam Honda, Hanvant Vihar, Rai Ka Bagh, Jodhpur, Rajasthan, India",9314712895,"https://www.google.com/maps?q=26.2874638,73.03785599999999",12 Rooms,"2,000",,600,,,(incl. Rooms + 3 Meals + Venue) /day for 100 rooms,Yes,Indoor space,,Inhouse catering only,Outside decorators permitted,"In house DJ available, Outside DJ permitted","In house alcohol not available, Outside alcohol not permitted",Hall,Indoor Area,80,150,,,,,,,,,,,,,,,,,,,,,,,,,,,,
Kankoodeep Garden,Wedding Venues,83,Basni,2037,Wedding Lawn,,Jodhpur HI Area Phase II Basni,9828082700,"https://www.google.com/maps?q=26.2568946,73.0071864",,,,550,,,(incl. Rooms + 3 Meals + Venue) /day for 100 rooms,No,Outdoor space,,Inhouse & outside catering allowed,Outside decorators permitted,"In house DJ available, Outside DJ not permitted","In house alcohol not available, Outside alcohol not permitted",Lawn,Outdoor Area,1200,1800,,,,,,,,,,,,,,,,,,,,,,,,,,,,
Rasala,Wedding Venues,83,Jodhpur,2037,Lawn & Banquet Hall,,"8th Mile, Surpura Bypass Road, Mandore Industrial Area, Near NLU, Mandore, Jodhpur, Rajasthan 342304",9928966866,"https://www.google.com/maps?q=26.7371684,72.8743127249123",4 Rooms,"3,500","30,000",1800,2000,,(incl. Rooms + 3 Meals + Venue) /day for 100 rooms,Yes,"Indoor, Outdoor, Poolside space",,Inhouse catering only,Decorators from panel only,"In house DJ available, Outside DJ not permitted","In house alcohol available, Outside alcohol not  permitted",Hall,Indoor Area,70,150,Poolside,Poolside Area,100,150,Lawn,Outdoor Area,800,1200,,,,,,,,,,,,,,,,,,,,
Amargarh Resort by Neelkanth Alura,Wedding Venues,83,Khema-Ka-Kuwa,2037,Resort,,"Amargarh Resort by Neelkanth Alura, Pal Road, Shubham Farm, Mansarover Colony, Jodhpur, Rajasthan, India",9351994211,"https://www.google.com/maps?q=26.227465,72.96580799999992",53 Rooms,"5,000","35,000",750,,,(incl. Rooms + 3 Meals + Venue) /day for 100 rooms,Yes,Indoor space,,Inhouse catering only,Decorators from panel only,"In house DJ not available , Outside DJ permitted","In house alcohol available, Outside alcohol  permitted",Banquet 1,Indoor Area,70,100,Banquet 2,Indoor Area,200,250,Banquet 3,Indoor Area,600,800,,,,,,,,,,,,,,,,,,,,
Samsara Desert Camp & Resort,Wedding Venues,83,Jodhpur,2037,Resort,,"Samsara Desert Camp and Resort, National Highway 125, Jodhpur, Rajasthan, India",9829091100,"https://www.google.com/maps?q=26.7027599,72.3186635",30 Rooms,"8,000","50,000",1300,1400,,(incl. Rooms + 3 Meals + Venue) /day for 100 rooms,Yes,"Indoor, Outdoor space",,Inhouse catering only,Inhouse decor,"In house DJ available, Outside DJ permitted","In house alcohol available, Outside alcohol not  permitted",Hall,Indoor Area,120,200,Lawn,Outdoor Area,900,1500,,,,,,,,,,,,,,,,,,,,,,,,
Kurja Resort Jodhpur,Wedding Venues,83,Mandore,2037,Resort,,"Kurja Resort Jodhpur, Balsamand, Mandore, Jodhpur, Rajasthan, India",6377656979,"https://www.google.com/maps?q=26.3372381,73.0312184",20 Rooms,"4,000","50,000",1100,,,(incl. Rooms + 3 Meals + Venue) /day for 100 rooms,No,"Indoor, Outdoor space",There is sufficient parking available,Outside caterering only,Outside decorators permitted,"In house DJ not available , Outside DJ permitted","In house alcohol not available, Outside alcohol  permitted",Banquet Hall ,Indoor Area,200,400,Lawn ,Outdoor Area,2500,4000,,,,,,,,,,,,,,,,,,,,,,,,
Hotel Jodhpur Inn,Wedding Venues,83,Ajit Colony,2037,Banquet Hall,,"Hotel Jodhpur Inn, Umed Club Road, Ajit Colony, Jodhpur, Rajasthan, India",9571119945,"https://www.google.com/maps?q=26.2878831,73.033648",10 Rooms,,,60000,,,(incl. Rooms + 3 Meals + Venue) /day for 100 rooms,Yes,Indoor space,There is sufficient parking available,Inhouse & outside catering allowed,Outside decorators permitted,"In house DJ available, Outside DJ permitted","In house alcohol not available, Outside alcohol not permitted",Banquet,Indoor Area,150,220,,,,,,,,,,,,,,,,,,,,,,,,,,,,
Aayushi Greens,Wedding Venues,83,Bhadu Market,2037,Wedding Lawn,,"Aayushi Greens, Bhadu Market, Jodhpur, Rajasthan, India",9079056034,"https://www.google.com/maps?q=26.2404554,72.9532132",,,,500,,,(incl. Rooms + 3 Meals + Venue) /day for 100 rooms,No,Outdoor space,,Inhouse & outside catering allowed,Outside decorators permitted,"In house DJ available, Outside DJ permitted","In house alcohol not available, Outside alcohol not permitted",Lawn,Outdoor Area,2000,3000,,,,,,,,,,,,,,,,,,,,,,,,,,,,
"Mango Hotels, Jodhpur",Wedding Venues,83,Basni,2037,Banquet Hall,,"Mango Hotels – ITI Circle, Jodhpur, near ITI Circle, HI Area Phase II, Shastri Nagar, Jodhpur, Rajasthan, India",2912747777,"https://www.google.com/maps?q=26.2597575,73.00341279999999",25 Rooms,"4,000",,Price on Request,,,(incl. Rooms + 3 Meals + Venue) /day for 100 rooms,Yes,Indoor space,,Inhouse catering only,Decorators from panel only,"In house DJ available, Outside DJ not permitted","In house alcohol available, Outside alcohol not  permitted",Banquet Hall,Indoor Area,150,250,,,,,,,,,,,,,,,,,,,,,,,,,,,,
Rawla Osian,Wedding Venues,83,Jodhpur,2037,Resort,,"Rawla Osian Resort, Osian, Rajasthan, India",9001265391,"https://www.google.com/maps?q=26.685608,72.8483677",40 Rooms,25,,400,500,,(incl. Rooms + 3 Meals + Venue) /day for 100 rooms,No,Outdoor space,,Inhouse & outside catering allowed,Outside decorators permitted,"In house DJ not available , Outside DJ permitted","In house alcohol available, Outside alcohol  permitted",Lawn,Outdoor Area,800,1200,,,,,,,,,,,,,,,,,,,,,,,,,,,,
Athulyam Resorts,Wedding Venues,83,Air Force Area,2037,Wedding Lawn,,"New Pali Rd, Ghanchi Colony, Surya Colony, Jodhpur, Rajasthan, India",7838217342,"https://www.google.com/maps?q=26.2568887,73.0169901",7 Rooms,"1,500",,Price on Request,,,(incl. Rooms + 3 Meals + Venue) /day for 100 rooms,No,Outdoor space,There is sufficient parking available,Inhouse & outside catering allowed,Outside decorators permitted,"In house DJ not available , Outside DJ permitted","In house alcohol not available, Outside alcohol not permitted",Lawn,Outdoor Area,600,1000,,,,,,,,,,,,,,,,,,,,,,,,,,,,
Raas Jodhpur,Wedding Venues,83,Sri Ganganagar,2037,4 Star Resort,,"RAAS, Gulab Sagar Road, Sagrar, Jodhpur, Rajasthan, India",2912636455,"https://www.google.com/maps?q=26.2973795,73.0233592",40 Rooms,"12,000",,Price on Request,,,(incl. Rooms + 3 Meals + Venue) /day for 100 rooms,Yes,"Outdoor, Poolside, Terrace / Rooftop space",,Inhouse & outside catering allowed,Outside decorators permitted,"In house DJ available, Outside DJ permitted","In house alcohol available, Outside alcohol not  permitted",Lawn,Outdoor Area,100,150,Poolside,Poolside Area,60,100,Terrace,Outdoor Area,60,100,,,,,,,,,,,,,,,,,,,,
Anand Mangal Garden,Wedding Venues,83,Paota,2037,Wedding Lawn,,"Anand Mangal Garden, Bhadwasiya, Paota, Jodhpur, Rajasthan, India",9314215468,"https://www.google.com/maps?q=26.2964293,73.03905189999999",,,,Price on Request,,,(incl. Rooms + 3 Meals + Venue) /day for 100 rooms,No,Outdoor space,There is sufficient parking available,Inhouse catering only,Outside decorators permitted,"In house DJ available, Outside DJ permitted","In house alcohol not available, Outside alcohol not permitted",Lawn Area,Outdoor Area,800,1000,,,,,,,,,,,,,,,,,,,,,,,,,,,,
Latiyal Vatika,Wedding Venues,83,Khema-Ka-Kuwa,2037,Wedding Lawn,,"Gayatri Nagar, Jodhpur, Rajasthan, India",9828566666,"https://www.google.com/maps?q=26.2411064,72.9752139",,,,500,,,(incl. Rooms + 3 Meals + Venue) /day for 100 rooms,No,Outdoor space,,Inhouse & outside catering allowed,Outside decorators permitted,"In house DJ available, Outside DJ permitted","In house alcohol not available, Outside alcohol not permitted",Lawn,Outdoor Area,1000,1500,,,,,,,,,,,,,,,,,,,,,,,,,,,,
Shri Hanwant Garden,Wedding Venues,83,Paota,2037,Lawn & Banquet Hall,,"Shri Hanwant Garden, Paota B Road, near under bridge, Laxmi Nagar, Jodhpur, Rajasthan, India",7230019719,"https://www.google.com/maps?q=26.2970946,73.04429809999999",16 Rooms,"2,000",,800,,,(incl. Rooms + 3 Meals + Venue) /day for 100 rooms,No,"Indoor, Outdoor space",There is sufficient parking available,Inhouse & outside catering allowed,Inhouse decor,"In house DJ not available , Outside DJ permitted","In house alcohol not available, Outside alcohol  permitted",Banquet,Indoor Area,350,500,Lawn,Outdoor Area,800,1300,,,,,,,,,,,,,,,,,,,,,,,,
Sb Hotel,Wedding Venues,83,Jodhpur,2037,Lawn & Banquet Hall,,"S.B. होटल ऐंड मैरिज गार्डन, behind N.L.U, Mandore, Jodhpur, Rajasthan, India",8005510730,"https://www.google.com/maps?q=26.361628,73.0593439",7 Rooms,,,150000,,,(incl. Rooms + 3 Meals + Venue) /day for 100 rooms,No,"Indoor, Outdoor space",There is sufficient parking available,Panel caterers allowed,Outside decorators permitted,"In house DJ not available , Outside DJ permitted","In house alcohol not available, Outside alcohol  permitted",Banquet Hall,Indoor Area,350,400,Outdoor Lawn,Outdoor Area,3500,4000,,,,,,,,,,,,,,,,,,,,,,,,
Hotel Shagun Palace,Wedding Venues,83,Sardarpura,2037,Lawn & Banquet Hall,,"Hotel Shagun Palace, Sardarpura, Jodhpur, Rajasthan, India",9828252740,"https://www.google.com/maps?q=26.278286,73.001505",10 Rooms,"2,000",,500,,,(incl. Rooms + 3 Meals + Venue) /day for 100 rooms,Yes,"Indoor, Outdoor space",,Inhouse & outside catering allowed,Outside decorators permitted,"In house DJ available, Outside DJ permitted","In house alcohol not available, Outside alcohol not permitted",Hall,Indoor Area,100,150,Lawn,Outdoor Area,125,200,,,,,,,,,,,,,,,,,,,,,,,,
Oasis Garden,Wedding Venues,83,Air Force Area,2037,Wedding Lawn,,Jodhpur Air Force Area Jodhpur,9950090579,"https://www.google.com/maps?q=26.2690961,73.0381233",,,,800,900,,(incl. Rooms + 3 Meals + Venue) /day for 100 rooms,No,Outdoor space,,Inhouse & outside catering allowed,Outside decorators permitted,"In house DJ available, Outside DJ not permitted","In house alcohol not available, Outside alcohol not permitted",Lawn,Outdoor Area,600,900,,,,,,,,,,,,,,,,,,,,,,,,,,,,
Six Sense Banquets,Wedding Venues,83,Sardarpura,2037,Banquet Hall,,"Sardarpura, Jodhpur, Rajasthan, India",7297961500,"https://www.google.com/maps?q=26.2772956,73.01202450000001",,,,400,,,(incl. Rooms + 3 Meals + Venue) /day for 100 rooms,No,Indoor space,,Inhouse catering only,Decorators from panel only,"In house DJ available, Outside DJ not permitted","In house alcohol not available, Outside alcohol not permitted",Hall ,Indoor Area,200,300,,,,,,,,,,,,,,,,,,,,,,,,,,,,
New Parihar Vatika,Wedding Venues,83,Ratanada,2037,Lawn & Banquet Hall,,"Bhagat Ki Kothi, Jodhpur, Rajasthan 342005",8048072234,"https://www.google.com/maps?q=26.2649389,73.0183948",4 Rooms,"1,000",,Rental Only,,,(incl. Rooms + 3 Meals + Venue) /day for 100 rooms,No,"Indoor, Outdoor space",There is sufficient parking available,Outside caterering only,Outside decorators permitted,"In house DJ not available , Outside DJ permitted","In house alcohol not available, Outside alcohol not permitted",Banquet hall,Indoor Area,400,1000,laws,Outdoor Area,1100,2250,,,,,,,,,,,,,,,,,,,,,,,,
Karni Bhawan,Wedding Venues,83,Air Force Area,2037,Hotel,,"Defence Lab Rd, Ratanada, Jodhpur, Rajasthan 342006",9214988092,"https://www.google.com/maps?q=26.23894689999999,73.02430939999999",30 Rooms,"4,500","25,000",550,750,,(incl. Rooms + 3 Meals + Venue) /day for 100 rooms,Yes,Outdoor space,,Inhouse catering only,Decorators from panel only,"In house DJ available, Outside DJ not permitted","In house alcohol available, Outside alcohol not  permitted",Lawn III,Outdoor Area,60,100,Lawn II,Outdoor Area,80,150,Lawn I,Outdoor Area,120,200,,,,,,,,,,,,,,,,,,,,
Mangal Prangan,Wedding Venues,83,Paota,2037,Wedding Lawn,,"Paota B Rd, Bhadwasiya, Paota, Jodhpur, Rajasthan, India",9828109990,"https://www.google.com/maps?q=26.2972289,73.0406795",,,,300,,,(incl. Rooms + 3 Meals + Venue) /day for 100 rooms,No,Outdoor space,,Inhouse & outside catering allowed,Outside decorators permitted,"In house DJ available, Outside DJ not permitted","In house alcohol not available, Outside alcohol not permitted",Lawn,Outdoor Area,300,500,,,,,,,,,,,,,,,,,,,,,,,,,,,,
Hotel Rani Bagh,Wedding Venues,83,Jhalamand,2037,Hotel,,"Hotel Rani Bagh Jodhpur, near Mahindra Club, Jhalamand, Jodhpur, Rajasthan, India",9351515115,"https://www.google.com/maps?q=26.2315831,73.0783952",32 Rooms,"3,000",,550,750,,(incl. Rooms + 3 Meals + Venue) /day for 100 rooms,Yes,"Indoor, Outdoor space",,Inhouse & outside catering allowed,Outside decorators permitted,"In house DJ available, Outside DJ permitted","In house alcohol available, Outside alcohol  permitted",Lawn,Outdoor Area,150,250,Hall,Indoor Area,200,300,,,,,,,,,,,,,,,,,,,,,,,,
Indraprastha Resort,Wedding Venues,83,Bhadu Market,2037,Resort,,"Indraprastha Resort, Bhadu Market, Jodhpur, Rajasthan, India",9314070000,"https://www.google.com/maps?q=26.2398951,72.9520029",30 Rooms,"2,000",,450,,,(incl. Rooms + 3 Meals + Venue) /day for 100 rooms,No,Outdoor space,,Inhouse & outside catering allowed,Outside decorators permitted,"In house DJ available, Outside DJ permitted","In house alcohol available, Outside alcohol  permitted",Lawn,Outdoor Area,1000,1500,,,,,,,,,,,,,,,,,,,,,,,,,,,,
Hotel Inn Season,Wedding Venues,83,Air Force Area,2037,Wedding Lawn,,"Hotel Inn Season Jodhpur, P.W.D Colony, Jodhpur, Rajasthan, India",9829026400,"https://www.google.com/maps?q=26.2718657,73.0228219",15 Rooms,"3,500",,800,1000,,(incl. Rooms + 3 Meals + Venue) /day for 100 rooms,Yes,"Outdoor, Poolside space",,Inhouse & outside catering allowed,Outside decorators permitted,"In house DJ available, Outside DJ permitted","In house alcohol available, Outside alcohol  permitted",Lawn,Outdoor Area,300,500,Poolside,Poolside Area,40,70,,,,,,,,,,,,,,,,,,,,,,,,
Lariya Resort,Wedding Venues,83,Bhadu Market,2037,Resort,,"Lariya Resort, Gopal Bari, Jodhpur, Rajasthan, India",9636586666,"https://www.google.com/maps?q=26.2531522,72.94197",54 Rooms,"4,000",,1200,,,(incl. Rooms + 3 Meals + Venue) /day for 100 rooms,No,Outdoor space,,Inhouse catering only,Decorators from panel only,"In house DJ available, Outside DJ permitted","In house alcohol available, Outside alcohol not  permitted",lawn,Outdoor Area,400,700,,,,,,,,,,,,,,,,,,,,,,,,,,,,
Vidhya Farm House,Wedding Venues,83,Jodhpur,2037,Farmhouse,,"Vidya Farm House Garden, D-Kirtinagar, Rawat Nagar, Jodhpur, Rajasthan, India",9351454452,"https://www.google.com/maps?q=26.31876239999999,73.059767",,"40,000",,400,500,,(incl. Rooms + 3 Meals + Venue) /day for 100 rooms,No,Outdoor space,,Inhouse catering only,Inhouse decor,"In house DJ not available , Outside DJ permitted","In house alcohol not available, Outside alcohol  permitted",Lawn,Outdoor Area,480,800,,,,,,,,,,,,,,,,,,,,,,,,,,,,
Madraaj Greens,Wedding Venues,83,Kabir Nagar,2037,Wedding Lawn,,"Madraaj Greens, Kabir Nagar, Jodhpur, Rajasthan, India",9829023200,"https://www.google.com/maps?q=26.2966225,72.98453549999999",,"25,000",,550,,,(incl. Rooms + 3 Meals + Venue) /day for 100 rooms,No,Outdoor space,,Inhouse catering only,Inhouse decor,"In house DJ not available , Outside DJ permitted","In house alcohol available, Outside alcohol  permitted",Lawn,Outdoor Area,600,1000,,,,,,,,,,,,,,,,,,,,,,,,,,,,
Deora Resort & Hotel,Wedding Venues,83,Jodhpur,2037,Resort,,"Deora Resort & Hotel, Dam, Mandore, Jodhpur, Rajasthan, India",9784152906,"https://www.google.com/maps?q=26.3679669,73.0828674",36 Rooms,"2,000",,600,750,,(incl. Rooms + 3 Meals + Venue) /day for 100 rooms,Yes,"Indoor, Outdoor space",,Inhouse catering only,Outside decorators permitted,"In house DJ not available , Outside DJ permitted","In house alcohol available, Outside alcohol not  permitted",Banquet hall,Indoor Area,150,250,Lawn,Outdoor Area,350,500,,,,,,,,,,,,,,,,,,,,,,,,
Palash Baag,Wedding Venues,83,Bhadu Market,2037,Wedding Lawn,,"Palash Baag - Marriage Garden, Maruti Dham, Bhadu Market, Jodhpur, Rajasthan, India",9414131403,"https://www.google.com/maps?q=26.233346,72.96635200000003",10 Rooms,"55,000",,800,,,(incl. Rooms + 3 Meals + Venue) /day for 100 rooms,No,Outdoor space,,Inhouse & outside catering allowed,Outside decorators permitted,"In house DJ not available , Outside DJ permitted","In house alcohol not available, Outside alcohol not permitted",Lawn,Outdoor Area,3500,5000,,,,,,,,,,,,,,,,,,,,,,,,,,,,
Rani Mahal Heritage,Wedding Venues,83,Bhistiyon Ka Bas,2037,Fort / Palace Hotel,,"Navchokiya, Fateh Pol Rd, Jodhpur, Rajasthan 342001",7014437040,"https://www.google.com/maps?q=26.2966367,73.01383349999999",10 Rooms,,,1000,,,(incl. Rooms + 3 Meals + Venue) /day for 100 rooms,No,Indoor space,,Inhouse catering only,Decorators from panel only,"In house DJ available, Outside DJ permitted","In house alcohol not available, Outside alcohol not permitted",Hall,Indoor Area,200,300,,,,,,,,,,,,,,,,,,,,,,,,,,,,
Gurukripa Farm House,Wedding Venues,83,Rawat Nagar,2037,Farmhouse,,"Gurukripa farm house, jodhpur, Mata Ka Than, Rawat Nagar, Jodhpur, Rajasthan, India",9928110359,"https://www.google.com/maps?q=26.3264747,73.074469",,,,Price on Request,,,(incl. Rooms + 3 Meals + Venue) /day for 100 rooms,No,Outdoor space,There is sufficient parking available,Inhouse catering only,Outside decorators permitted,"In house DJ available, Outside DJ permitted","In house alcohol not available, Outside alcohol not permitted",Lawn Area,Outdoor Area,800,1000,,,,,,,,,,,,,,,,,,,,,,,,,,,,
Chandra Imperial,Wedding Venues,83,Air Force Area,2037,Hotel,,"Chandra Imperial, opp. Polo Ground, Air Force Area, Jodhpur, Rajasthan, India",2912671686,"https://www.google.com/maps?q=26.2626284,73.0361465",48 Rooms,"4,000","25,000",600,,,(incl. Rooms + 3 Meals + Venue) /day for 100 rooms,Yes,Indoor space,,Inhouse & outside catering allowed,Inhouse decor,"In house DJ available, Outside DJ permitted","In house alcohol not available, Outside alcohol not permitted",Sangam Mehfil Banquet,Indoor Area,250,400,Jhankaar Banquet,Indoor Area,120,200,,,,,,,,,,,,,,,,,,,,,,,,
Reggie’s Camel Camp,Wedding Venues,83,Jodhpur,2037,Wedding Lawn,,"Khetasar - Osian Rd, Rajasthan 342303",9928009608,"https://www.google.com/maps?q=26.6989223,72.8729773",20 Rooms,"8,000","100,000",1500,1550,,(incl. Rooms + 3 Meals + Venue) /day for 100 rooms,No,Outdoor space,There is sufficient parking available,Inhouse catering only,Decorators from panel only,"In house DJ available, Outside DJ permitted","In house alcohol available, Outside alcohol  permitted",lawn,Outdoor Area,250,300,,,,,,,,,,,,,,,,,,,,,,,,,,,,
Jasol Heritage,Wedding Venues,83,Ratanada,2037,Wedding Lawn,,"Jasol Heritage, Police Line Road, Ratanada, Jodhpur, Rajasthan, India",9672094361,"https://www.google.com/maps?q=26.2767856,73.03358109999999",18 Rooms,"2,000",,600,800,,(incl. Rooms + 3 Meals + Venue) /day for 100 rooms,No,Outdoor space,,Inhouse & outside catering allowed,Outside decorators permitted,"In house DJ available, Outside DJ permitted","In house alcohol not available, Outside alcohol not permitted",Lawn,Outdoor Area,1250,2000,,,,,,,,,,,,,,,,,,,,,,,,,,,,
Kumu Resorts,Wedding Venues,83,Jodhpur,2037,Lawn & Banquet Hall,,"Kumu Resorts, Jodhpur, Rajasthan, India",9680008464,"https://www.google.com/maps?q=26.21681249999999,73.0545625",2 Rooms,"25,000",,Price on Request,,,(incl. Rooms + 3 Meals + Venue) /day for 100 rooms,Yes,"Indoor, Outdoor space",There is sufficient parking available,Inhouse catering only,Inhouse decor,"In house DJ available, Outside DJ permitted","In house alcohol available, Outside alcohol  permitted",Lawn ,Outdoor Area,100,200,Banquet ,Indoor Area,30,50,,,,,,,,,,,,,,,,,,,,,,,,
Surajgarh Marriage Hall,Wedding Venues,83,Mandore,2037,Wedding Lawn,,"Mandore, Jodhpur, Rajasthan, India",8561023252,"https://www.google.com/maps?q=26.3427037,73.0443233",15 Rooms,"2,000",,600,700,,(incl. Rooms + 3 Meals + Venue) /day for 100 rooms,No,Outdoor space,,Inhouse & outside catering allowed,Outside decorators permitted,"In house DJ available, Outside DJ permitted","In house alcohol available, Outside alcohol  permitted",Lawn,Outdoor Area,1250,2000,,,,,,,,,,,,,,,,,,,,,,,,,,,,
Karni Kot,Wedding Venues,83,Laxmi Nagar,2037,Wedding Lawn,,"Karni kot, Bhadwasiya RTO Link Rd, Tube Well Chouraya, BJS Colony, Jodhpur, Rajasthan, India",2912546213,"https://www.google.com/maps?q=26.3024412,73.0529565",,,,550,650,,(incl. Rooms + 3 Meals + Venue) /day for 100 rooms,No,Outdoor space,,Inhouse & outside catering allowed,Outside decorators permitted,"In house DJ available, Outside DJ not permitted","In house alcohol available, Outside alcohol not  permitted",Lawn,Outdoor Area,500,800,,,,,,,,,,,,,,,,,,,,,,,,,,,,
Hotel Prateek,Wedding Venues,83,Sardarpura,2037,Hotel,,"Hotel Prateek, Sardarpura, Jodhpur, Rajasthan, India",9828076800,"https://www.google.com/maps?q=26.2781469,73.0049323",56 Rooms,"2,000",,600,,,(incl. Rooms + 3 Meals + Venue) /day for 100 rooms,Yes,Indoor space,,Inhouse & outside catering allowed,Outside decorators permitted,"In house DJ available, Outside DJ permitted","In house alcohol not available, Outside alcohol not permitted",Hall,Indoor Area,100,150,,,,,,,,,,,,,,,,,,,,,,,,,,,,
"Khaas Bagh, Heritage Hotel",Wedding Venues,83,Ratanada,2037,Wedding Lawn,,"Police Line Rd, Mohanpura Puliya, Ajit Colony, Jodhpur, Rajasthan, India",9119320555,"https://www.google.com/maps?q=26.2863905,73.02728359999999",4 Rooms,"25,000",,Price on Request,,,(incl. Rooms + 3 Meals + Venue) /day for 100 rooms,No,Outdoor space,,Inhouse catering only,Decorators from panel only,"In house DJ available, Outside DJ not permitted","In house alcohol available, Outside alcohol not  permitted",Lawn ,Outdoor Area,650,1000,,,,,,,,,,,,,,,,,,,,,,,,,,,,
Hotel Santosh Guest House,Wedding Venues,83,Paota,2037,Wedding Lawn,,"Hotel Santosh - Best Budget Hotel In Jodhpur, Paota B Road, Bhadwasiya, Paota, Jodhpur, Rajasthan, India",9460215296,"https://www.google.com/maps?q=26.29750259999999,73.0406127",19 Rooms,"2,000",,400,,,(incl. Rooms + 3 Meals + Venue) /day for 100 rooms,Yes,Outdoor space,,Inhouse & outside catering allowed,Outside decorators permitted,"In house DJ not available , Outside DJ permitted","In house alcohol not available, Outside alcohol not permitted",Lawn,Outdoor Area,150,250,,,,,,,,,,,,,,,,,,,,,,,,,,,,
The Ummed Jodhpur Palace Resort & Spa,Wedding Venues,83,Jodhpur,2037,5 Star Fort / Palace Hotel,,The Ummed Jodhpur Palace Resort & Spa,6367716832,"https://www.google.com/maps?q=26.321315,73.118178",88 Rooms,"7,500",,2000,2400,,(incl. Rooms + 3 Meals + Venue) /day for 100 rooms,No,"Indoor, Outdoor space",There is sufficient parking available,Inhouse catering only,Outside decorators permitted,"In house DJ available, Outside DJ permitted","In house alcohol available, Outside alcohol not  permitted",SIR GUMAN HALL ,Indoor Area,300,600,SIR GUMAN LAWN ,Outdoor Area,1000,3000,POOL SIDE ,Outdoor Area,300,500,PALACE LAWN,Outdoor Area,2000,8000,CHAR BAGH ,Outdoor Area,200,350,SIR GUMAN HALL + LAWN ,Indoor & Outdoor Area,1000,3500,,,,,,,,
Anand Bhawan,Wedding Venues,83,Air Force Area,2037,Banquet Hall & Lawn,,"Opposite Filter House, Chopasni Road, Jodhpur, Rajasthan 342008",7737065000,"https://www.google.com/maps?q=26.23894689999999,73.02430939999999",25 Rooms,"1,500","150,000",Price on Request,,,(incl. Rooms + 3 Meals + Venue) /day for 100 rooms,Yes,"Indoor, Outdoor space",,Outside caterering only,Inhouse decor,"In house DJ not available , Outside DJ permitted","In house alcohol not available, Outside alcohol  permitted",Banquet Hall 1,Indoor Area,100,150,Banquet Hall 2,Indoor Area,350,450,Lawn,Outdoor Area,2000,3000,,,,,,,,,,,,,,,,,,,,
Fairfield by Marriott Jodhpur Hotel,Wedding Venues,83,Kudi Bhagtasni Housing Board,2037,Hotel,,"Fairfield by Marriott Jodhpur, Vijay Raje Nagar, Meera Nagar, Jodhpur, Rajasthan, India",6376918026,"https://www.google.com/maps?q=26.2172736,73.04485939999995",100 Rooms,"9,000","500,000",1800,1800,,(incl. Rooms + 3 Meals + Venue) /day for 100 rooms,Yes,"Indoor, Outdoor space",There is sufficient parking available,Inhouse catering only,Outside decorators permitted,"In house DJ not available , Outside DJ permitted","In house alcohol available, Outside alcohol not  permitted",Jade Garden,Outdoor Area,150,250,Sapphire,Indoor Area,120,150,Lawn,Outdoor Area,400,800,,,,,,,,,,,,,,,,,,,,
Polo Heritage,Wedding Venues,83,Air Force Area,2037,Lawn & Banquet Hall,,"Polo Heritage, Ratanada, Jodhpur, Rajasthan, India",9314717633,"https://www.google.com/maps?q=26.267998,73.03103899999999",15 Rooms,"3,000",,Price on Request,,,(incl. Rooms + 3 Meals + Venue) /day for 100 rooms,Yes,"Indoor, Outdoor, Poolside space",,Inhouse & outside catering allowed,Outside decorators permitted,"In house DJ available, Outside DJ permitted","In house alcohol available, Outside alcohol not  permitted",Lawn,Outdoor Area,200,350,Hall,Indoor Area,60,100,Poolside,Poolside Area,40,70,,,,,,,,,,,,,,,,,,,,
Shri Ram Kaushalya Garden,Wedding Venues,83,Jodhpur,2037,Lawn & Banquet Hall,,"Madan singh, Arya Nagar, near power house gym, Mahamandir, K.B, H.B, Mahaveer Nagar, Jodhpur, Rajasthan 342001",7737641078,"https://www.google.com/maps?q=26.3118381,73.05047259999999",,,,40000,,,(incl. Rooms + 3 Meals + Venue) /day for 100 rooms,Yes,"Indoor, Outdoor space",There is sufficient parking available,Inhouse & outside catering allowed,Outside decorators permitted,,,hall,Indoor Area,100,200,laws,Outdoor Area,350,1000,,,,,,,,,,,,,,,,,,,,,,,,
The Shakti Rocks,Wedding Venues,83,Jodhpur,2037,Wedding Lawn,,"The Shakti Rocks, 80 Feet Road, Mata Ka Than, Rawat Nagar, Jodhpur, Rajasthan, India",7014983370,"https://www.google.com/maps?q=26.3194526,73.0674434",16 Rooms,"1,500",,100000,,,(incl. Rooms + 3 Meals + Venue) /day for 100 rooms,No,Outdoor space,There is sufficient parking available,Outside caterering only,Outside decorators permitted,"In house DJ not available , Outside DJ permitted","In house alcohol not available, Outside alcohol  permitted",Lawn,Outdoor Area,1000,1500,,,,,,,,,,,,,,,,,,,,,,,,,,,,
The Royale Haveli by Madvik Retreat,Wedding Venues,83,Jodhpur,2037,Wedding Lawn,,"The Royale Haveli by Madvik Retreat, Rawla Pelipol, By Madvik Retreat, Rawla Kot, Jhalamand, Rajasthan, India",9319176177,"https://www.google.com/maps?q=26.2090451,73.0667213",3 Rooms,,,Price on Request,,,(incl. Rooms + 3 Meals + Venue) /day for 100 rooms,Yes,Outdoor space,There is sufficient parking available,Panel caterers allowed,Outside decorators permitted,"In house DJ not available , Outside DJ permitted","In house alcohol not available, Outside alcohol not permitted",Small Lawn,Outdoor Area,65,80,,,,,,,,,,,,,,,,,,,,,,,,,,,,
Keshav Garh Marriage Garden,Wedding Venues,83,Bhadu Market,2037,Wedding Lawn,,"Bhadu Market, Jodhpur, Rajasthan, India",9314711268,"https://www.google.com/maps?q=26.24602459999999,72.9621131",,,,400,,,(incl. Rooms + 3 Meals + Venue) /day for 100 rooms,No,Outdoor space,,Inhouse & outside catering allowed,Outside decorators permitted,"In house DJ available, Outside DJ permitted","In house alcohol not available, Outside alcohol not permitted",Lawn,Outdoor Area,350,500,,,,,,,,,,,,,,,,,,,,,,,,,,,,
Hari Om Garden,Wedding Venues,83,Mandore,2037,Wedding Lawn,,"Hari Om Garden, Chainpura School, New Dhalawata Nagar Road,, Mandore, Jodhpur, Rajasthan, India",9414456098,"https://www.google.com/maps?q=26.344438,73.0541696",,,,400,,,(incl. Rooms + 3 Meals + Venue) /day for 100 rooms,No,Outdoor space,,Inhouse & outside catering allowed,Outside decorators permitted,"In house DJ available, Outside DJ permitted","In house alcohol not available, Outside alcohol not permitted",Lawn,Outdoor Area,1250,2000,,,,,,,,,,,,,,,,,,,,,,,,,,,,
Kalyan Place,Wedding Venues,83,Mandore,2037,Lawn & Banquet Hall,,"Rishikesh Nagar, Mandore, Jodhpur, Rajasthan, India",7568392894,"https://www.google.com/maps?q=26.34141259999999,73.0619261",,,,700,800,,(incl. Rooms + 3 Meals + Venue) /day for 100 rooms,No,"Indoor, Outdoor space",,Inhouse & outside catering allowed,Outside decorators permitted,"In house DJ available, Outside DJ permitted","In house alcohol not available, Outside alcohol not permitted",Lawn ,Outdoor Area,700,1000,Hall ,Indoor Area,350,500,,,,,,,,,,,,,,,,,,,,,,,,
Shankar Garden,Wedding Venues,83,Mandore,2037,Wedding Lawn,,"Nagori Bera Rd, Hans lav ki paal, Mandore, Jodhpur, Rajasthan, India",9414449398,"https://www.google.com/maps?q=26.3422903,73.0490781",,,,650,750,,(incl. Rooms + 3 Meals + Venue) /day for 100 rooms,No,Outdoor space,,Inhouse & outside catering allowed,Outside decorators permitted,"In house DJ available, Outside DJ permitted","In house alcohol not available, Outside alcohol not permitted",Lawn ,Outdoor Area,1250,2000,,,,,,,,,,,,,,,,,,,,,,,,,,,,
Bon Voyage Club,Wedding Venues,83,Jodhpur,2037,Banquet Hall & Lawn,,,9351552801,,,,,500,600,,(incl. Rooms + 3 Meals + Venue) /day for 100 rooms,No,"Indoor, Outdoor space",,Inhouse & outside catering allowed,Outside decorators permitted,"In house DJ available, Outside DJ permitted","In house alcohol available, Outside alcohol not  permitted",Banquet Hall,Indoor Area,450,700,Lawn,Outdoor Area,350,500,,,,,,,,,,,,,,,,,,,,,,,,
Kasturi Orchid,Wedding Venues,83,Khema-Ka-Kuwa,2037,Hotel,,"Kasturi Orchid, Jodhpur",8094008346,"https://www.google.com/maps?q=26.2230894,72.96833790000005",46 Rooms,"5,000","100,000",800,,,(incl. Rooms + 3 Meals + Venue) /day for 100 rooms,Yes,Indoor space,,Inhouse & outside catering allowed,Outside decorators permitted,"In house DJ not available , Outside DJ permitted","In house alcohol not available, Outside alcohol not permitted",The Great Hall ,Indoor Area,250,1000,Lawn,Indoor Area,3600,5000,Harmony Hall,Indoor Area,50,80,Celebration Hall ,Indoor Area,200,300,Flavours -Restaurant ,Indoor Area,80,100,Rooms ,Indoor Area,3,3,,,,,,,,
Baijoo Niwas,Wedding Venues,83,Bhistiyon Ka Bas,2037,Wedding Lawn,,"Baijoo Niwas - Heritage Boutique Hotel, Jodhpur, inside Sojati Gate, near Rajdadi Hospital, Rawaton Ka Bass, Jodhpur, Rajasthan, India",8690023107,"https://www.google.com/maps?q=26.288347,73.02309160000001",7 Rooms,"3,800",,549,749,,(incl. Rooms + 3 Meals + Venue) /day for 100 rooms,Yes,Outdoor space,There is sufficient parking available,Inhouse catering only,Outside decorators permitted,"In house DJ not available , Outside DJ permitted","In house alcohol not available, Outside alcohol  permitted",Lawn,Outdoor Area,100,180,,,,,,,,,,,,,,,,,,,,,,,,,,,,
Hotel City Square,Wedding Venues,83,Jodhpur,2037,Lawn & Banquet Hall,,"Hotel City Square, Balotra, Rajasthan, India",9928176060,"https://www.google.com/maps?q=26.7371684,72.8743127249123",18 Rooms,"2,000",,600,700,,(incl. Rooms + 3 Meals + Venue) /day for 100 rooms,Yes,"Indoor, Outdoor space",,Inhouse & outside catering allowed,Outside decorators permitted,"In house DJ available, Outside DJ permitted","In house alcohol not available, Outside alcohol not permitted",Hall,Indoor Area,60,100,Lawn,Outdoor Area,300,500,,,,,,,,,,,,,,,,,,,,,,,,
Hotel NXT,Wedding Venues,83,Ajit Colony,2037,Wedding Lawn,,"Ajit Colony, Jodhpur, Rajasthan, India",2912510474,"https://www.google.com/maps?q=26.2843677,73.0359833",20 Rooms,"2,000",,500,600,,(incl. Rooms + 3 Meals + Venue) /day for 100 rooms,No,Outdoor space,,Inhouse catering only,Decorators from panel only,"In house DJ available, Outside DJ not permitted","In house alcohol available, Outside alcohol not  permitted",Lawn ,Outdoor Area,400,600,,,,,,,,,,,,,,,,,,,,,,,,,,,,
Pavitra's Jodhpur,Wedding Venues,83,Jwala Vihar,2037,Wedding Lawn,,Pavitra's Jodhpur,9829252078,"https://www.google.com/maps?q=26.2786231,72.9882106",,"500,000",,500,,,(incl. Rooms + 3 Meals + Venue) /day for 100 rooms,No,"Indoor, Outdoor space",,Inhouse & outside catering allowed,Outside decorators permitted,"In house DJ not available , Outside DJ permitted","In house alcohol available, Outside alcohol  permitted",Residency Road Hall & Lawn,Indoor & Outdoor Area,300,650,Akhaliya Circle Hall & Lawn,Indoor & Outdoor Area,200,400,Pavitra's Marriage Garden,Outdoor Area,3000,7500,,,,,,,,,,,,,,,,,,,,
Medatia Garden,Wedding Venues,83,Bhadu Market,2037,Wedding Lawn,,"Pal Balaji, Bhadu Market, Jodhpur, Rajasthan, India",9460156941,"https://www.google.com/maps?q=26.237829,72.969082",,,,700,800,,(incl. Rooms + 3 Meals + Venue) /day for 100 rooms,No,Outdoor space,,Inhouse & outside catering allowed,Outside decorators permitted,"In house DJ available, Outside DJ not permitted","In house alcohol not available, Outside alcohol not permitted",Lawn,Outdoor Area,800,1200,,,,,,,,,,,,,,,,,,,,,,,,,,,,
KTR Resort and Marriage Garden,Wedding Venues,83,Bhadu Market,2037,Lawn & Banquet Hall,,"KTR RESORT AND MARRIAGE GARDEN, Jaisalmer Bypass Road, near vitraag city, Bhadu Market, Jodhpur, Rajasthan, India",9649709768,"https://www.google.com/maps?q=26.2354826,72.95189819999996",10 Rooms,"2,000",,450,,,(incl. Rooms + 3 Meals + Venue) /day for 100 rooms,Yes,"Indoor, Outdoor space",,Inhouse catering only,Outside decorators permitted,"In house DJ available, Outside DJ permitted","In house alcohol not available, Outside alcohol not permitted",Hall,Indoor Area,150,250,Lawn,Outdoor Area,1000,1500,,,,,,,,,,,,,,,,,,,,,,,,
Jodhpur Heritage,Wedding Venues,83,Bhadu Market,2037,Small Function Hall,,"Jodhpur Heritage, Pal Road, Roop Nagar, Bhadu Market, Jodhpur, Rajasthan, India",9358720817,"https://www.google.com/maps?q=26.24410429999999,72.9727182",18 Rooms,"3,000","15,000",30000,,,(incl. Rooms + 3 Meals + Venue) /day for 100 rooms,Yes,Indoor space,There is sufficient parking available,Inhouse catering only,Inhouse decor,"In house DJ available, Outside DJ permitted","In house alcohol available, Outside alcohol  permitted",Banquet Hall,Indoor Area,70,100,,,,,,,,,,,,,,,,,,,,,,,,,,,,
Charan Sabha Bhawan,Wedding Venues,83,Paota,2037,Lawn & Banquet Hall,,"Charan Sabha Bhawan, Bhagat Singh Marg, Nagori Gate, Paota, Jodhpur, Rajasthan, India",9001039086,"https://www.google.com/maps?q=26.303732,73.03517099999999",,"25,000",,350,450,,(incl. Rooms + 3 Meals + Venue) /day for 100 rooms,No,"Indoor, Outdoor space",,Inhouse catering only,Inhouse decor,"In house DJ available, Outside DJ permitted","In house alcohol not available, Outside alcohol  permitted",Banquet hall,Indoor Area,250,400,Outdoor,Outdoor Area,350,600,,,,,,,,,,,,,,,,,,,,,,,,
Shri Agrasen Sansthan Bhawan,Wedding Venues,83,Chopasni Housing Board,2037,Lawn & Banquet Hall,,"Shri Agrasen Sansthan Bhawan, Chopasni Housing Board, Jodhpur, Rajasthan, India",2912752822,"https://www.google.com/maps?q=26.272056,72.97937399999999",,,,600,,,(incl. Rooms + 3 Meals + Venue) /day for 100 rooms,No,"Indoor, Outdoor space",,Inhouse & outside catering allowed,Outside decorators permitted,"In house DJ available, Outside DJ permitted","In house alcohol not available, Outside alcohol not permitted",Hall,Indoor Area,200,300,Lawn,Outdoor Area,1000,1500,,,,,,,,,,,,,,,,,,,,,,,,
Gul Marriage Palace,Wedding Venues,83,Jodhpur,2037,Wedding Lawn,,,9828076800,,,,,400,450,,(incl. Rooms + 3 Meals + Venue) /day for 100 rooms,No,Outdoor space,,Inhouse & outside catering allowed,Outside decorators permitted,"In house DJ available, Outside DJ permitted","In house alcohol not available, Outside alcohol not permitted",Lawn,Outdoor Area,700,1000,,,,,,,,,,,,,,,,,,,,,,,,,,,,
Tree House Rajbagh Hotel Jodhpur,Wedding Venues,83,Bhadu Market,2037,4 Star Hotel,,"Treehouse Raj Bagh, A Boutique Heritage Hotel, Jhanwar Road, Jodhpur, Rajasthan, India",8003191134,"https://www.google.com/maps?q=26.234976,72.93470249999996",25 Rooms,"2,500",,650,750,,(incl. Rooms + 3 Meals + Venue) /day for 100 rooms,Yes,"Indoor, Outdoor space",,Inhouse & outside catering allowed,Outside decorators permitted,"In house DJ not available , Outside DJ permitted","In house alcohol not available, Outside alcohol  permitted",Indoor Banquet,Indoor Area,50,100,Outdoor Banquet,Outdoor Area,1000,2500,,,,,,,,,,,,,,,,,,,,,,,,
King's Resort,Wedding Venues,83,Bhadu Market,2037,Wedding Lawn,,"Jhanwar Rd, Bhadu Market, Jodhpur, Rajasthan 342008",9829473075,"https://www.google.com/maps?q=26.2498869,72.95938509999999",,,,1100,1200,,(incl. Rooms + 3 Meals + Venue) /day for 100 rooms,No,Outdoor space,There is sufficient parking available,Inhouse & outside catering allowed,Outside decorators permitted,"In house DJ available, Outside DJ permitted","In house alcohol available, Outside alcohol  permitted",lawn,Outdoor Area,400,700,,,,,,,,,,,,,,,,,,,,,,,,,,,,
Chandelao Garh,Wedding Venues,83,Jodhpur,2037,Resort,,"Chandelao Garh, SH 58, Chandelao, Rajasthan, India",9214403292,"https://www.google.com/maps?q=26.2508333,73.39638889999999",23 Rooms,"3,500",,500,700,,(incl. Rooms + 3 Meals + Venue) /day for 100 rooms,No,Outdoor space,,Inhouse & outside catering allowed,Outside decorators permitted,"In house DJ available, Outside DJ permitted","In house alcohol not available, Outside alcohol not permitted",Lawn,Outdoor Area,1250,2000,,,,,,,,,,,,,,,,,,,,,,,,,,,,
Shree Balaji Vatika,Wedding Venues,83,Bhadu Market,2037,Wedding Lawn,,"Bhadu Market, Jodhpur, Rajasthan, India",2249478528,"https://www.google.com/maps?q=26.2460246,72.9621131",,"75,000",,Price on Request,,,(incl. Rooms + 3 Meals + Venue) /day for 100 rooms,No,Outdoor space,There is sufficient parking available,Inhouse catering only,Decorators from panel only,"In house DJ not available , Outside DJ permitted","In house alcohol not available, Outside alcohol not permitted",lawn,Outdoor Area,500,650,,,,,,,,,,,,,,,,,,,,,,,,,,,,
Royal Pal Palace,Wedding Venues,83,Cantt Area,2037,Banquet Hall,,"BJS Colony, Jodhpur, Rajasthan, India",8599932111,"https://www.google.com/maps?q=26.3033154,73.0615957",13 Rooms,"2,000",,Price on Request,,,(incl. Rooms + 3 Meals + Venue) /day for 100 rooms,No,Indoor space,There is sufficient parking available,Outside caterering only,Outside decorators permitted,"In house DJ not available , Outside DJ permitted","In house alcohol not available, Outside alcohol not permitted",Banquet Hall,Indoor Area,300,600,,,,,,,,,,,,,,,,,,,,,,,,,,,,
Anand Bagh,Wedding Venues,83,Rawat Nagar,2037,Lawn & Banquet Hall,,"nand Bagh, Ram Sagar Road, Maderana Colony, Jodhpur, Rajasthan, India",9413323328,"https://www.google.com/maps?q=26.3234097,73.06352319999999",2 Rooms,,,45000,,,(incl. Rooms + 3 Meals + Venue) /day for 100 rooms,Yes,"Indoor, Outdoor space",There is sufficient parking available,Outside caterering only,Outside decorators permitted,"In house DJ not available , Outside DJ permitted","In house alcohol not available, Outside alcohol  permitted",Lawn,Outdoor Area,300,500,Hall,Indoor Area,150,200,,,,,,,,,,,,,,,,,,,,,,,,
Royal Marwar Club,Wedding Venues,83,Air Force Area,2037,Lawn & Banquet Hall,,"Ratanada, Jodhpur, Rajasthan, India",2912972866,"https://www.google.com/maps?q=26.2738937,73.03074090000001",,,,650,,,(incl. Rooms + 3 Meals + Venue) /day for 100 rooms,No,"Indoor, Outdoor space",,Inhouse catering only,Decorators from panel only,"In house DJ available, Outside DJ not permitted","In house alcohol available, Outside alcohol not  permitted",Hall ,Indoor Area,200,300,Lawn ,Outdoor Area,450,700,,,,,,,,,,,,,,,,,,,,,,,,
WelcomHeritage Bal Samand Lake Palace,Wedding Venues,83,Jodhpur,2037,Resort,,,9717684809,,36 Rooms,"7,400","130,000",3500,3500,,(incl. Rooms + 3 Meals + Venue) /day for 100 rooms,Yes,"Outdoor, Poolside space",,Inhouse & outside catering allowed,Outside decorators permitted,"In house DJ not available , Outside DJ permitted","In house alcohol available, Outside alcohol not  permitted",Palace Lawn,Outdoor Area,120,200,Lake Terrace,Outdoor Area,60,100,Pool Side,Poolside Area,600,900,Front Lawn,Outdoor Area,350,800,Gold Flaw Main Lawn,Outdoor Area,1600,2500,,,,,,,,,,,,
Shri Rupam Vatika,Wedding Venues,83,Mandore,2037,Wedding Lawn,,"New Nagour Rd, Mandore, Jodhpur, Rajasthan 342304",8048127036,"https://www.google.com/maps?q=26.3408494,73.06161349999999",,,,800,,,(incl. Rooms + 3 Meals + Venue) /day for 100 rooms,No,Outdoor space,Parking is available near the venue,Inhouse & outside catering allowed,Outside decorators permitted,"In house DJ available, Outside DJ permitted","In house alcohol not available, Outside alcohol not permitted",Lawn,Outdoor Area,500,700,,,,,,,,,,,,,,,,,,,,,,,,,,,,
Laxmangarh Resort,Wedding Venues,83,Bhadu Market,2037,Lawn & Banquet Hall,,"Laxmangarh Resort, Unnamed Road, Gopal Bari, Jodhpur, Rajasthan, India",9414031111,"https://www.google.com/maps?q=26.2501446,72.9472661",,,,700,900,,(incl. Rooms + 3 Meals + Venue) /day for 100 rooms,Yes,"Indoor, Outdoor space",,Inhouse & outside catering allowed,Outside decorators permitted,"In house DJ available, Outside DJ permitted","In house alcohol available, Outside alcohol  permitted",Banquet,Indoor Area,100,150,Lawn,Outdoor Area,1000,1500,,,,,,,,,,,,,,,,,,,,,,,,
Sindhu Pushtikar Bhavan,Wedding Venues,83,Chopasni Housing Board,2037,Wedding Lawn,,"Sindhu Pushtikar Bhavan, Sector 17, Chopasni Housing Board, Jodhpur, Rajasthan, India",2912637688,"https://www.google.com/maps?q=26.2652773,72.966599",,,,550,,,(incl. Rooms + 3 Meals + Venue) /day for 100 rooms,No,Outdoor space,,Inhouse & outside catering allowed,Outside decorators permitted,"In house DJ available, Outside DJ permitted","In house alcohol not available, Outside alcohol not permitted",Lawn,Outdoor Area,400,750,,,,,,,,,,,,,,,,,,,,,,,,,,,,
The Food Zone Pure Vegetarian Restaurant,Wedding Venues,83,Ratanada,2037,Party Restaurant / Lounge,,"The Food Zone Pure Vegetarian Restaurant, Bhaskar Circle, Panchwati Colony, Ratanada, Jodhpur, Rajasthan, India",9252113917,"https://www.google.com/maps?q=26.273629,73.0309393",1 Rooms,,,500,,,(incl. Rooms + 3 Meals + Venue) /day for 100 rooms,Yes,Indoor space,There is sufficient parking available,Inhouse & outside catering allowed,Outside decorators permitted,"In house DJ not available , Outside DJ permitted","In house alcohol not available, Outside alcohol  permitted",Hall,Indoor Area,70,80,,,,,,,,,,,,,,,,,,,,,,,,,,,,
Hotel Residency Palace,Wedding Venues,83,Ratanada,2037,Wedding Lawn,,"OYO 4022 Hotel Residency Palace, Ratanada, Jodhpur, Rajasthan, India",8696800000,"https://www.google.com/maps?q=26.2707687,73.03025629999999",23 Rooms,"5,000",,40000,,,(incl. Rooms + 3 Meals + Venue) /day for 100 rooms,Yes,"Outdoor, Terrace / Rooftop space",There is sufficient parking available,Inhouse catering only,Outside decorators permitted,"In house DJ available, Outside DJ permitted","In house alcohol not available, Outside alcohol  permitted",Lawn,Outdoor Area,50,70,Rooftop,Outdoor Area,50,70,,,,,,,,,,,,,,,,,,,,,,,,
Gokul Vatika,Wedding Venues,83,Soorsagar,2037,Banquet Hall & Lawn,,"Gokul Vatika, By pass road, Soorsagar, Jodhpur, Rajasthan, India",9509728795,"https://www.google.com/maps?q=26.3165461,73.001528",,,,Price on Request,,,(incl. Rooms + 3 Meals + Venue) /day for 100 rooms,No,"Indoor, Outdoor space",There is sufficient parking available,Inhouse catering only,Outside decorators permitted,"In house DJ available, Outside DJ permitted","In house alcohol not available, Outside alcohol not permitted",Hall + Lawn Area,Indoor & Outdoor Area,800,1000,,,,,,,,,,,,,,,,,,,,,,,,,,,,
Raj Ranbanka Resorts,Wedding Venues,83,Mandore,2037,Wedding Lawn,,"Raj Ranbanka Resorts And Restaurants And marriage garden, National Highway 65, Thakur Virendra Nagar, Mandore, Jodhpur, Rajasthan, India",8094387667,"https://www.google.com/maps?q=26.3445942,73.03868",10 Rooms,"1,000",,Price on Request,,,(incl. Rooms + 3 Meals + Venue) /day for 100 rooms,No,Outdoor space,There is sufficient parking available,Inhouse catering only,Outside decorators permitted,"In house DJ available, Outside DJ permitted","In house alcohol not available, Outside alcohol not permitted",Lawn Area,Outdoor Area,800,1000,,,,,,,,,,,,,,,,,,,,,,,,,,,,
Keteshwar Watika,Wedding Venues,83,Bhadu Market,2037,Lawn & Banquet Hall,,Pal Gaon Jodhpur Jodhpur,7014272424,"https://www.google.com/maps?q=26.21882009999999,72.9557322",,,,550,,,(incl. Rooms + 3 Meals + Venue) /day for 100 rooms,Yes,"Indoor, Outdoor space",,Inhouse & outside catering allowed,Outside decorators permitted,"In house DJ available, Outside DJ not permitted","In house alcohol not available, Outside alcohol not permitted",Hall,Indoor Area,150,250,Lawn,Outdoor Area,500,750,,,,,,,,,,,,,,,,,,,,,,,,
Shanti Vatika,Wedding Venues,83,Kabir Nagar,2037,Wedding Lawn,,"Shanti Vatika, Soorsagar Main Rd, Near baba Ramdev Mandir,Kaulramji ki Bawadi, Soorsagar, Jodhpur, Rajasthan, India",7877608411,"https://www.google.com/maps?q=26.315441,73.003175",,,,550,,,(incl. Rooms + 3 Meals + Venue) /day for 100 rooms,No,Outdoor space,,Inhouse & outside catering allowed,Outside decorators permitted,"In house DJ available, Outside DJ permitted","In house alcohol available, Outside alcohol  permitted",Lawn,Outdoor Area,450,750,,,,,,,,,,,,,,,,,,,,,,,,,,,,
Hariyali Dhani Camps & Resort,Wedding Venues,83,Jodhpur,2037,Resort,,"Hariyali Dhani Camps & Resort, Tehsil – Shergarh, Distt, 51 Miles, Dheerpura, Rajasthan, India",9610947999,"https://www.google.com/maps?q=26.4536789,72.4262494",40 Rooms,,,650,,,(incl. Rooms + 3 Meals + Venue) /day for 100 rooms,No,Outdoor space,There is sufficient parking available,Inhouse catering only,Outside decorators permitted,"In house DJ not available , Outside DJ permitted","In house alcohol not available, Outside alcohol not permitted",Lawn,Outdoor Area,2000,2500,,,,,,,,,,,,,,,,,,,,,,,,,,,,
Sita Mahal Marriage Hall,Wedding Venues,83,Chopasni Housing Board,2037,Lawn & Banquet Hall,,Jwala Vihar Jodhpur Jodhpur,9828035107,"https://www.google.com/maps?q=26.27035369999999,72.9733992",,,,600,700,,(incl. Rooms + 3 Meals + Venue) /day for 100 rooms,Yes,"Indoor, Outdoor space",,Inhouse & outside catering allowed,Outside decorators permitted,"In house DJ not available ,  Outside DJ not permitted","In house alcohol not available, Outside alcohol not permitted",Hall,Indoor Area,150,250,Lawn,Outdoor Area,700,1000,,,,,,,,,,,,,,,,,,,,,,,,
Pukhraj Garh,Wedding Venues,83,Jodhpur,2037,Wedding Lawn,,"Pukhraj Garh A Heritage Homestay, Goshala Road, Salawas, Jodhpur, Rajasthan, India",9414720724,"https://www.google.com/maps?q=26.1109895,72.9849995",10 Rooms,"4,500",,450,,,(incl. Rooms + 3 Meals + Venue) /day for 100 rooms,No,Outdoor space,There is sufficient parking available,Inhouse & outside catering allowed,Inhouse decor,"In house DJ available, Outside DJ permitted","In house alcohol available, Outside alcohol  permitted",Lawn,Outdoor Area,1500,1800,,,,,,,,,,,,,,,,,,,,,,,,,,,,
Sukhani Farms,Wedding Venues,83,Bhadu Market,2037,Wedding Lawn,,"Sukhani Farm's, Gopal Bari, Chaukhan, Rajasthan, India",9414130652,"https://www.google.com/maps?q=26.25260879999999,72.9375179",,,,600,,,(incl. Rooms + 3 Meals + Venue) /day for 100 rooms,No,Outdoor space,There is sufficient parking available,Inhouse & outside catering allowed,Outside decorators permitted,"In house DJ not available , Outside DJ permitted","In house alcohol not available, Outside alcohol  permitted",Lawn,Outdoor Area,300,500,,,,,,,,,,,,,,,,,,,,,,,,,,,,
N S Garden,Wedding Venues,83,Baldev Nagar,2037,Lawn & Banquet Hall,,"Pal Road, Jodhpur - 342001",9680173738,"https://www.google.com/maps?q=26.2695699,72.98764229999999",,,,600,,,(incl. Rooms + 3 Meals + Venue) /day for 100 rooms,No,"Indoor, Outdoor space",There is sufficient parking available,Inhouse & outside catering allowed,Outside decorators permitted,"In house DJ available, Outside DJ permitted","In house alcohol not available, Outside alcohol not permitted",Banqyut,Indoor Area,200,350,Lawn,Outdoor Area,450,800,,,,,,,,,,,,,,,,,,,,,,,,
Navratna Heritage Guest House & Lawns,Wedding Venues,83,Sardarpura,2037,Wedding Lawn,,"Navratna Heritage Guest House & Lawns, D Road, opposite Andrews Hall, Sardarpura, Jodhpur, Rajasthan, India",9460105875,"https://www.google.com/maps?q=26.2749372,73.0094794",15 Rooms,"1,500",,300,450,,(incl. Rooms + 3 Meals + Venue) /day for 100 rooms,No,Outdoor space,,Inhouse & outside catering allowed,Outside decorators permitted,"In house DJ available, Outside DJ permitted","In house alcohol available, Outside alcohol  permitted",Lawn,Outdoor Area,350,600,,,,,,,,,,,,,,,,,,,,,,,,,,,,
Pachranga Resort,Wedding Venues,83,Khema-Ka-Kuwa,2037,Wedding Lawn,,"AIIMS Rd, Vivekanand Nagar, Khema-Ka-Kuwa, Jodhpur, Rajasthan, India",9829563564,"https://www.google.com/maps?q=26.2474693,72.9793279",,,,450,,,(incl. Rooms + 3 Meals + Venue) /day for 100 rooms,No,Outdoor space,,Inhouse & outside catering allowed,Outside decorators permitted,"In house DJ available, Outside DJ permitted","In house alcohol not available, Outside alcohol not permitted",Lawn ,Outdoor Area,1350,2000,,,,,,,,,,,,,,,,,,,,,,,,,,,,
Geeta Sankar Garden,Wedding Venues,83,Mandore,2037,Wedding Lawn,,"Geeta Sankar Garden, New Nagour Road, Rishikesh Nagar, Mandore, Jodhpur, Rajasthan, India",9314716704,"https://www.google.com/maps?q=26.3490626,73.06344399999999",,"30,000",,600,700,,(incl. Rooms + 3 Meals + Venue) /day for 100 rooms,No,Outdoor space,,Inhouse catering only,Inhouse decor,"In house DJ not available , Outside DJ permitted","In house alcohol not available, Outside alcohol  permitted",Lawn,Outdoor Area,600,1000,,,,,,,,,,,,,,,,,,,,,,,,,,,,
Devi Farm House,Wedding Venues,83,Mandore,2037,Farmhouse,,"Mandore, Jodhpur, Rajasthan, India",9024539034,"https://www.google.com/maps?q=26.3427037,73.0443233",,,,500,,,(incl. Rooms + 3 Meals + Venue) /day for 100 rooms,No,Outdoor space,,Inhouse & outside catering allowed,Outside decorators permitted,"In house DJ available, Outside DJ permitted","In house alcohol not available, Outside alcohol not permitted",Lawn ,Outdoor Area,1250,2000,,,,,,,,,,,,,,,,,,,,,,,,,,,,
Hotel Sheetal,Wedding Venues,83,Kabir Nagar,2037,Banquet Hall,,"Hotel Sheetal, Kabir Nagar, Jodhpur, Rajasthan, India",8619152506,"https://www.google.com/maps?q=26.2954875,72.99209619999999",18 Rooms,"3,000",,15000,,,(incl. Rooms + 3 Meals + Venue) /day for 100 rooms,No,Indoor space,There is sufficient parking available,Inhouse & outside catering allowed,Outside decorators permitted,"In house DJ available, Outside DJ permitted","In house alcohol not available, Outside alcohol not permitted",Banquet,Indoor Area,200,350,,,,,,,,,,,,,,,,,,,,,,,,,,,,
Shree Krisnha Vatika,Wedding Venues,83,Soorsagar,2037,Wedding Lawn,,"Soorsagar Road, Sukhram Nagar, Kabir Nagar, Jodhpur, Rajasthan 342001, India",9571582036,"https://www.google.com/maps?q=26.307148,73.0010652",,,,Price on Request,,,(incl. Rooms + 3 Meals + Venue) /day for 100 rooms,No,Outdoor space,There is sufficient parking available,Outside caterering only,Inhouse decor,"In house DJ not available , Outside DJ permitted","In house alcohol not available, Outside alcohol not permitted",Lawn,Outdoor Area,1000,1400,,,,,,,,,,,,,,,,,,,,,,,,,,,,
Hotel Marwar Excellency,Wedding Venues,83,Sardarpura,2037,Hotel,,"Hotel Marwar Excellency, Jodhpur",8560928849,"https://www.google.com/maps?q=26.27499,73.00022799999999",35 Rooms,"2,000","25,000",300,,,(incl. Rooms + 3 Meals + Venue) /day for 100 rooms,Yes,Indoor space,,Inhouse catering only,Outside decorators permitted,"In house DJ not available , Outside DJ permitted","In house alcohol not available, Outside alcohol not permitted",Hall 1,Indoor Area,30,80,Hall 2,Indoor Area,50,120,,,,,,,,,,,,,,,,,,,,,,,,
Hotel Beniwal Palace,Wedding Venues,83,Cantt Area,2037,Banquet Hall,,"Hotel Beniwal Palace, Hanwant Nagar, East Patel Nagar, Jodhpur, Rajasthan, India",9928429674,"https://www.google.com/maps?q=26.2788979,73.03731069999999",26 Rooms,"3,500",,650,,,(incl. Rooms + 3 Meals + Venue) /day for 100 rooms,No,Indoor space,There is sufficient parking available,Inhouse & outside catering allowed,Outside decorators permitted,"In house DJ not available , Outside DJ permitted","In house alcohol not available, Outside alcohol  permitted",Hall,Indoor Area,400,500,,,,,,,,,,,,,,,,,,,,,,,,,,,,
Jalsa Lawn,Wedding Venues,83,Bhadu Market,2037,Wedding Lawn,,"Paliwal Eye Hospital, near Spicy Kitchen Restaurant, Bhadu Market, Jodhpur, Rajasthan, India",9829077962,"https://www.google.com/maps?q=26.243748,72.973023",,,,475,,,(incl. Rooms + 3 Meals + Venue) /day for 100 rooms,No,Outdoor space,Parking is available near the venue,Inhouse catering only,Decorators from panel only,"In house DJ available, Outside DJ not permitted","In house alcohol not available, Outside alcohol not permitted",Lawn,Outdoor Area,200,250,,,,,,,,,,,,,,,,,,,,,,,,,,,,
Ganpati Garden,Wedding Venues,83,Khema-Ka-Kuwa,2037,Wedding Lawn,,"Gulab Nagar, Khema-Ka-Kuwa, Jodhpur, Rajasthan, India",9314711750,"https://www.google.com/maps?q=26.2451286,72.98847769999999",,,,500,,,(incl. Rooms + 3 Meals + Venue) /day for 100 rooms,No,Outdoor space,,Inhouse & outside catering allowed,Outside decorators permitted,"In house DJ available, Outside DJ permitted","In house alcohol not available, Outside alcohol not permitted",Lawn ,Outdoor Area,1250,2000,,,,,,,,,,,,,,,,,,,,,,,,,,,,
Raghav Villas,Wedding Venues,83,Air Force Area,2037,Lawn & Banquet Hall,,"Raghav Villas, Cantt Area, Jodhpur, Rajasthan, India",9166996090,"https://www.google.com/maps?q=26.27001,73.038754",18 Rooms,"2,000",,400,800,,(incl. Rooms + 3 Meals + Venue) /day for 100 rooms,Yes,"Indoor, Outdoor space",,Inhouse & outside catering allowed,Outside decorators permitted,"In house DJ available, Outside DJ permitted","In house alcohol available, Outside alcohol  permitted",Lawn,Outdoor Area,600,1000,Hall,Indoor Area,100,150,,,,,,,,,,,,,,,,,,,,,,,,
Manvar Desert Camp & Resort,Wedding Venues,83,Jodhpur,2037,Resort,,"Manvar Desert Camp & Resort, National Highway 125, Khiyasariya, Rajasthan, India",9414129767,"https://www.google.com/maps?q=26.6773171,72.3239057",21 Rooms,"5,000","30,000",800,900,,(incl. Rooms + 3 Meals + Venue) /day for 100 rooms,No,Outdoor space,,Inhouse catering only,Inhouse decor,"In house DJ available, Outside DJ permitted","In house alcohol not available, Outside alcohol not permitted",Lawn,Outdoor Area,900,1500,,,,,,,,,,,,,,,,,,,,,,,,,,,,
Sardar Club,Wedding Venues,83,Air Force Area,2037,Wedding Lawn,,"Sardar Club, Air Force Area, Jodhpur, Rajasthan, India",2912670120,"https://www.google.com/maps?q=26.2635232,73.0349468",18 Rooms,"2,500",,Price on Request,,,(incl. Rooms + 3 Meals + Venue) /day for 100 rooms,No,Outdoor space,,Inhouse & outside catering allowed,Outside decorators permitted,"In house DJ available, Outside DJ permitted","In house alcohol available, Outside alcohol  permitted",Lawn,Outdoor Area,350,500,,,,,,,,,,,,,,,,,,,,,,,,,,,,
Bella Vista Jodhpur Luxury Resort,Wedding Venues,83,Jodhpur,2037,Banquet Hall & Lawn,,"BELLA VISTA JODHPUR Luxury Resort, National highway 112, Jodhpur, Rajasthan, India",9571582222,"https://www.google.com/maps?q=26.2677102,73.2613271",12 Rooms,,,35000,,,(incl. Rooms + 3 Meals + Venue) /day for 100 rooms,No,"Indoor, Outdoor space",There is sufficient parking available,Inhouse & outside catering allowed,Outside decorators permitted,"In house DJ available, Outside DJ permitted","In house alcohol available, Outside alcohol  permitted",Banquet Hall and Lawn,Indoor & Outdoor Area,200,250,,,,,,,,,,,,,,,,,,,,,,,,,,,,
PS Garden,Wedding Venues,83,Rawat Nagar,2037,Wedding Lawn,,"PS Garden, Surpura Bypass Road, Shikshak Nagar, Mata Ka Than, Rawat Nagar, Jodhpur, Rajasthan, India",7822928004,"https://www.google.com/maps?q=26.321546,73.0812223",,,,Price on Request,,,(incl. Rooms + 3 Meals + Venue) /day for 100 rooms,No,Outdoor space,There is sufficient parking available,Inhouse catering only,Outside decorators permitted,"In house DJ available, Outside DJ permitted","In house alcohol not available, Outside alcohol not permitted",Lawn Area,Outdoor Area,800,1000,,,,,,,,,,,,,,,,,,,,,,,,,,,,
Sri Ghanchi Samaj Ki Bageychi,Wedding Venues,83,Sardarpura,2037,Banquet Hall,,"Sardarpura, Jodhpur, Rajasthan, India",9928826789,"https://www.google.com/maps?q=26.2772956,73.01202450000001",,,,Price on Request,,,(incl. Rooms + 3 Meals + Venue) /day for 100 rooms,No,Indoor space,There is sufficient parking available,Outside caterering only,Outside decorators permitted,"In house DJ not available , Outside DJ permitted","In house alcohol not available, Outside alcohol not permitted",Banquet hall,Indoor Area,250,500,,,,,,,,,,,,,,,,,,,,,,,,,,,,
The Grand Turf,Wedding Venues,83,Jhalamand,2037,Banquet Hall & Lawn,,"The Grand Turf Pure Vegetarian Family Restaurant, Pali Highway, Meera Nagar, Jodhpur, Rajasthan, India",9619319099,"https://www.google.com/maps?q=26.2207012,73.0414787",2 Rooms,,,500,,,(incl. Rooms + 3 Meals + Venue) /day for 100 rooms,No,"Indoor, Outdoor space",There is sufficient parking available,Inhouse catering only,Inhouse decor,"In house DJ available, Outside DJ permitted","In house alcohol not available, Outside alcohol not permitted",Lawn and Dining Area,Indoor & Outdoor Area,1000,1200,,,,,,,,,,,,,,,,,,,,,,,,,,,,
Apple Resort & Restaurant,Wedding Venues,83,Cantt Area,2037,Wedding Lawn,,"Apple Resort & Restaurant, near Bodhi International School, Shikargarh Enclave, Sirodi, Jodhpur, Rajasthan, India",7737159254,"https://www.google.com/maps?q=26.2757949,73.0784725",,,,Price on Request,,,(incl. Rooms + 3 Meals + Venue) /day for 100 rooms,No,Outdoor space,There is sufficient parking available,Inhouse catering only,Outside decorators permitted,"In house DJ available, Outside DJ permitted","In house alcohol not available, Outside alcohol not permitted",Lawn Area,Outdoor Area,2500,3500,,,,,,,,,,,,,,,,,,,,,,,,,,,,
Fomo Jodhpur,Wedding Venues,83,Jodhpur,2037,Banquet Hall,,"Shastri Nagar, Jodhpur, Rajasthan, India",7889929961,"https://www.google.com/maps?q=26.2626317,73.0046071",,,,Price on Request,,,(incl. Rooms + 3 Meals + Venue) /day for 100 rooms,Yes,Indoor space,There is sufficient parking available,Inhouse catering only,Outside decorators permitted,"In house DJ not available , Outside DJ permitted","In house alcohol available, Outside alcohol  permitted",Banquet Hall,Indoor Area,100,200,,,,,,,,,,,,,,,,,,,,,,,,,,,,
Aaradhya Greens,Wedding Venues,83,Jodhpur,2037,Wedding Lawn,,"NH 62  PALI ROAD, OPP. 10C Colony",9829224313,"https://www.google.com/maps?q=26.3430678,73.1526623",,"500,000",,800,900,,(incl. Rooms + 3 Meals + Venue) /day for 100 rooms,No,Outdoor space,,Inhouse & outside catering allowed,Inhouse decor,"In house DJ available, Outside DJ permitted","In house alcohol available, Outside alcohol  permitted",Lawn,Outdoor Area,750,1200,,,,,,,,,,,,,,,,,,,,,,,,,,,,
Parihar Garden,Wedding Venues,83,Jodhpur,2037,Wedding Lawn,,"Mata Ka Than, Rawat Nagar, Jodhpur, Rajasthan, India",9166510914,"https://www.google.com/maps?q=26.319141,73.0729934",,,,500,,,(incl. Rooms + 3 Meals + Venue) /day for 100 rooms,No,Outdoor space,,Inhouse & outside catering allowed,Outside decorators permitted,"In house DJ available, Outside DJ permitted","In house alcohol not available, Outside alcohol not permitted",Lawn ,Outdoor Area,950,1500,,,,,,,,,,,,,,,,,,,,,,,,,,,,
Clarks Exotica Resort & Camp,Wedding Venues,83,Jodhpur,2037,Banquet Hall,,"Clarks Exotica Resort & Camp , Dechu - Jodhpur, Phalodi - Dechu Road, NH125, Gumanpura, Rajasthan, India",8875005501,"https://www.google.com/maps?q=26.8308954,72.31587309999999",8 Rooms,"1,599",,650,750,,(incl. Rooms + 3 Meals + Venue) /day for 100 rooms,No,Indoor space,There is sufficient parking available,Inhouse catering only,Outside decorators permitted,"In house DJ available, Outside DJ permitted","In house alcohol available, Outside alcohol  permitted",Banquet Hall ,Indoor Area,500,700,,,,,,,,,,,,,,,,,,,,,,,,,,,,
Shree Santok Palace,Wedding Venues,83,Mandore,2037,Lawn & Banquet Hall,,"Shree Santok Palace, Mandore, Jodhpur, Rajasthan, India",9829105371,"https://www.google.com/maps?q=26.34682699999999,73.044528",,,,550,650,,(incl. Rooms + 3 Meals + Venue) /day for 100 rooms,No,"Indoor, Outdoor space",,Inhouse & outside catering allowed,Outside decorators permitted,"In house DJ available, Outside DJ permitted","In house alcohol not available, Outside alcohol not permitted",Hall,Indoor Area,250,450,Lawn,Outdoor Area,350,600,,,,,,,,,,,,,,,,,,,,,,,,
Zest Damodar Garh - The Ultimate Stress Free Zone,Wedding Venues,83,Jodhpur,2037,Wedding Lawn,,"Zest Damodar Garh - The Ultimate Stress Free Zone, Ahead Hotel Indana Palace, Shyam Bagh, Sirodi, Jodhpur, Rajasthan, India",7737193939,"https://www.google.com/maps?q=26.2552173,73.0768882",5 Rooms,"3,500",,650,850,,(incl. Rooms + 3 Meals + Venue) /day for 100 rooms,No,Outdoor space,There is sufficient parking available,Inhouse catering only,Outside decorators permitted,"In house DJ available, Outside DJ permitted","In house alcohol available, Outside alcohol  permitted",Lawn,Outdoor Area,250,300,,,,,,,,,,,,,,,,,,,,,,,,,,,,
Ajit Bhawan Palace Hotel,Wedding Venues,83,Air Force Area,2037,Hotel,,"Circuit House Road, Jodhpur, Rajasthan 342006",9928754913,"https://www.google.com/maps?q=26.23894689999999,73.02430939999999",64 Rooms,"20,000",,2000,2500,,(incl. Rooms + 3 Meals + Venue) /day for 100 rooms,Yes,"Indoor, Outdoor space",,Inhouse catering only,Decorators from panel only,"In house DJ available, Outside DJ permitted","In house alcohol available, Outside alcohol not  permitted",J Bar,Indoor Area,40,100,Garden Restaurant,Outdoor Area,100,150,Jodhpur Cafe ,Indoor Area,130,200,Zanana Garden,Outdoor Area,500,750,,,,,,,,,,,,,,,,
Udaigarh Palace Hotel,Wedding Venues,83,Jodhpur,2037,Banquet Hall & Lawn,,"Opp. Shri Ram Hospital, Prem Nagar, Jodhpur, Rajasthan 342027",9783984447,"https://www.google.com/maps?q=26.3191183,73.12020800000005",25 Rooms,"1,200","75,000",150000,,,(incl. Rooms + 3 Meals + Venue) /day for 100 rooms,Yes,"Indoor, Outdoor space",,Outside caterering only,Outside decorators permitted,"In house DJ not available , Outside DJ permitted","In house alcohol not available, Outside alcohol  permitted",Banquet Hall 1,Indoor Area,100,150,Banquet Hall 2,Indoor Area,200,250,Lawn 1,Outdoor Area,500,700,Lawn,Outdoor Area,1000,1300,,,,,,,,,,,,,,,,
Hotel Kissan Legacy,Wedding Venues,83,Sardarpura,2037,Banquet Hall,,"Sardarpura, Jodhpur, Rajasthan, India",9983372999,"https://www.google.com/maps?q=26.2772956,73.01202450000001",15 Rooms,"2,500",,500,650,,(incl. Rooms + 3 Meals + Venue) /day for 100 rooms,Yes,Indoor space,,Inhouse catering only,Decorators from panel only,"In house DJ available, Outside DJ not permitted","In house alcohol available, Outside alcohol not  permitted",Hall ,Indoor Area,85,125,,,,,,,,,,,,,,,,,,,,,,,,,,,,
Nirali Dhani,Wedding Venues,83,Chopasni Housing Board,2037,Hotel,,"Nirali Dhani, Chopasni Housing Board, Jodhpur, Rajasthan, India",8504900019,"https://www.google.com/maps?q=26.26555999999999,72.963025",50 Rooms,"6,500","30,000",800,,,(incl. Rooms + 3 Meals + Venue) /day for 100 rooms,No,Outdoor space,,Inhouse catering only,Inhouse decor,"In house DJ available, Outside DJ permitted","In house alcohol available, Outside alcohol not  permitted",Lawn,Outdoor Area,500,800,,,,,,,,,,,,,,,,,,,,,,,,,,,,
Hotel Dehra Fort,Wedding Venues,83,Jodhpur,2037,Banquet Hall & Lawn,,"Hotel Dehra Fort, Balesar, Rajasthan, India",9636167876,"https://www.google.com/maps?q=26.5671878,72.33305539999999",25 Rooms,"5,000",,Price on Request,,,(incl. Rooms + 3 Meals + Venue) /day for 100 rooms,No,"Indoor, Outdoor space",There is sufficient parking available,Inhouse & outside catering allowed,Outside decorators permitted,"In house DJ not available , Outside DJ permitted","In house alcohol not available, Outside alcohol  permitted",Hall,Indoor Area,800,1000,Lawn,Outdoor Area,1200,1500,,,,,,,,,,,,,,,,,,,,,,,,
Pithora Garh,Wedding Venues,83,Rawat Nagar,2037,Banquet Hall,,"Land mark durga Jewellers, Banar Rd, Ekta Nagar, Ramzan Ji Ka Hattha, Jodhpur, Rajasthan 342001",7947060893,"https://www.google.com/maps?q=26.3198156,73.1080449",,"30,000",,750,850,,(incl. Rooms + 3 Meals + Venue) /day for 100 rooms,No,Indoor space,There is sufficient parking available,Inhouse & outside catering allowed,Outside decorators permitted,"In house DJ available, Outside DJ permitted","In house alcohol available, Outside alcohol  permitted",lawn,Indoor Area,250,400,,,,,,,,,,,,,,,,,,,,,,,,,,,,
Hotel Garden Villa,Wedding Venues,83,Jodhpur,2037,Hotel,,,928498377,,42 Rooms,"1,500",,500,,,(incl. Rooms + 3 Meals + Venue) /day for 100 rooms,Yes,"Indoor, Outdoor space",,Inhouse & outside catering allowed,Decorators from panel only,"In house DJ available, Outside DJ not permitted","In house alcohol available, Outside alcohol not  permitted",Lawn,Outdoor Area,250,400,Hall,Indoor Area,60,100,,,,,,,,,,,,,,,,,,,,,,,,
"Park Plaza, Jodhpur",Wedding Venues,83,Air Force Area,2037,4 Star Hotel,,"Park Plaza Jodhpur, Panch Batti Circle, Air Force Area, Jodhpur, Rajasthan, India",,"https://www.google.com/maps?q=26.2684362,73.03832109999999",26 Rooms,"3,000","40,000",850,950,,(incl. Rooms + 3 Meals + Venue) /day for 100 rooms,Yes,"Indoor, Outdoor space",,Inhouse catering only,Inhouse decor,"In house DJ available, Outside DJ not permitted","In house alcohol available, Outside alcohol not  permitted",Restaurant,Indoor Area,60,100,Lawn,Outdoor Area,200,350,,,,,,,,,,,,,,,,,,,,,,,,
The Fern Residency,Wedding Venues,83,Ratanada,2037,4 Star Hotel,,"The Fern Residency, Subhash Chowk, Ratanada, Jodhpur, Rajasthan, India",8003891888,"https://www.google.com/maps?q=26.2797726,73.03053109999996",51 Rooms,"2,200",,700,900,,(incl. Rooms + 3 Meals + Venue) /day for 100 rooms,Yes,Indoor space,,Inhouse catering only,Outside decorators permitted,"In house DJ not available , Outside DJ permitted","In house alcohol not available, Outside alcohol  permitted",Banquet hall1,Indoor Area,100,150,Banquet hall2,Indoor Area,50,80,restaurant ,Indoor Area,30,40,,,,,,,,,,,,,,,,,,,,
Silver Oak,Wedding Venues,83,Mandore,2037,Wedding Lawn,,"Mandore, Jodhpur, Rajasthan, India",9314712748,"https://www.google.com/maps?q=26.3427037,73.0443233",,,,500,700,,(incl. Rooms + 3 Meals + Venue) /day for 100 rooms,No,Outdoor space,,Inhouse & outside catering allowed,Outside decorators permitted,"In house DJ available, Outside DJ permitted","In house alcohol not available, Outside alcohol not permitted",Lawn ,Outdoor Area,1800,2500,,,,,,,,,,,,,,,,,,,,,,,,,,,,
The Marwar Regency Hotel,Wedding Venues,83,Jodhpur,2037,Hotel,,"The Marwar Regency Hotel, Rto, Paota C Road, Roop Nagar, BJS Colony, Jodhpur, Rajasthan, India",9269907619,"https://www.google.com/maps?q=26.3059009,73.05735729999999",45 Rooms,"3,000",,600,,,(incl. Rooms + 3 Meals + Venue) /day for 100 rooms,No,Indoor space,There is sufficient parking available,Inhouse & outside catering allowed,,,"In house alcohol not available, Outside alcohol not permitted",Hall,Indoor Area,450,600,,,,,,,,,,,,,,,,,,,,,,,,,,,,
Thar Oasis Resort,Wedding Venues,83,Jodhpur,2037,Resort,,"Gumanpura filling Station, Jodhpur, Rajasthan 342314, India",8875005533,"https://www.google.com/maps?q=26.7986917,72.31386479999999",56 Rooms,"4,000",,Price on Request,,,(incl. Rooms + 3 Meals + Venue) /day for 100 rooms,No,"Indoor, Outdoor space",There is sufficient parking available,Outside caterering only,Outside decorators permitted,"In house DJ not available , Outside DJ permitted","In house alcohol not available, Outside alcohol  permitted",Resort ,Indoor & Outdoor Area,1300,1700,,,,,,,,,,,,,,,,,,,,,,,,,,,,
Eight Steps Resort,Wedding Venues,83,Jodhpur,2037,Banquet Hall,,"Mandalnath Circle, Daijar, Rajasthan",9116533888,"https://www.google.com/maps?q=26.3967641,73.0759446",,"3,500",,600,,,(incl. Rooms + 3 Meals + Venue) /day for 100 rooms,No,Indoor space,There is sufficient parking available,Inhouse & outside catering allowed,Outside decorators permitted,"In house DJ not available , Outside DJ permitted","In house alcohol not available, Outside alcohol  permitted",Banquet Hall with Lawn,Indoor Area,750,1150,,,,,,,,,,,,,,,,,,,,,,,,,,,,
Shri Govindam Garden,Wedding Venues,83,Rawat Nagar,2037,Wedding Lawn,,"Shri Govindam Garden, D-Kirtinagar, Rawat Nagar, Jodhpur, Rajasthan, India",9314909345,"https://www.google.com/maps?q=26.3264747,73.074469",,,,Price on Request,,,(incl. Rooms + 3 Meals + Venue) /day for 100 rooms,No,Outdoor space,There is sufficient parking available,Inhouse catering only,Outside decorators permitted,"In house DJ available, Outside DJ permitted","In house alcohol not available, Outside alcohol not permitted",Lawn Area,Outdoor Area,800,1000,,,,,,,,,,,,,,,,,,,,,,,,,,,,
Zamzam International,Wedding Venues,83,Bhadu Market,2037,Hotel,,"Gangana Bridge, Chaukhan, Rajasthan 342014, India",8233557776,"https://www.google.com/maps?q=26.23495939999999,72.93346749999999",42 Rooms,"5,000",,50000,,,(incl. Rooms + 3 Meals + Venue) /day for 100 rooms,Yes,Indoor space,There is sufficient parking available,Inhouse catering only,Outside decorators permitted,,"In house alcohol not available, Outside alcohol  permitted",Banquet Hall,Indoor Area,100,150,,,,,,,,,,,,,,,,,,,,,,,,,,,,
"Zone Palace By The Park, Phalodi",Wedding Venues,83,Jodhpur,2037,5 Star Fort / Palace Hotel,,"Zone Palace By The Park, Phalodi, Dadha Street, Phalodi, Rajasthan, India",2925223813,"https://www.google.com/maps?q=27.1317497,72.35982",25 Rooms,"3,000",,1000,,,(incl. Rooms + 3 Meals + Venue) /day for 100 rooms,Yes,Indoor space,There is sufficient parking available,Inhouse catering only,Outside decorators permitted,"In house DJ available, Outside DJ permitted","In house alcohol not available, Outside alcohol not permitted",Banquet,Indoor Area,100,200,,,,,,,,,,,,,,,,,,,,,,,,,,,,
Anand Villa Holiday Home,Wedding Venues,83,Jodhpur,2037,Wedding Lawn,,"Shikargarh, Jodhpur, Rajasthan, India",9166580075,"https://www.google.com/maps?q=26.2755303,73.0822157",,,,Price on Request,,,(incl. Rooms + 3 Meals + Venue) /day for 100 rooms,Yes,Outdoor space,There is sufficient parking available,Inhouse catering only,Outside decorators permitted,"In house DJ not available , Outside DJ permitted","In house alcohol not available, Outside alcohol  permitted",Terrace,Outdoor Area,50,80,,,,,,,,,,,,,,,,,,,,,,,,,,,,
Hotel Shri Ram Excellency,Wedding Venues,83,Sardarpura,2037,Banquet Hall,,"Hotel Shri Ram Excellency, Residency Road, Opp. Medical College, Sardarpura, Jodhpur, Rajasthan, India",2912614101,"https://www.google.com/maps?q=26.2719547,73.0089026",24 Rooms,"5,000","25,000",550,,,(incl. Rooms + 3 Meals + Venue) /day for 100 rooms,No,Indoor space,,Inhouse catering only,Inhouse decor,"In house DJ available, Outside DJ not permitted","In house alcohol available, Outside alcohol  permitted",Hall1,Indoor Area,200,350,,,,,,,,,,,,,,,,,,,,,,,,,,,,
GenX,Wedding Venues,83,Chopasni Housing Board,2037,Hotel,,"GenX Jodhpur, Colony, 1st, Kamla Nehru Nagar II, Defence Colony, Jodhpur, Rajasthan, India",7737185709,"https://www.google.com/maps?q=26.27315119999999,72.9789376",39 Rooms,"2,500",,450,750,,(incl. Rooms + 3 Meals + Venue) /day for 100 rooms,Yes,Indoor space,,Inhouse & outside catering allowed,Outside decorators permitted,"In house DJ available, Outside DJ not permitted","In house alcohol available, Outside alcohol  permitted",Hall 1,Indoor Area,100,150,Hall 2,Indoor Area,60,100,,,,,,,,,,,,,,,,,,,,,,,,
Aadarsh Green,Wedding Venues,83,Pratap Nagar,2037,Lawn & Banquet Hall,,Kabir Nagar Jodhpur Jodhpur,9214426588,"https://www.google.com/maps?q=26.2994785,72.9941482",15 Rooms,"2,000",,500,,,(incl. Rooms + 3 Meals + Venue) /day for 100 rooms,No,"Indoor, Outdoor space",,Inhouse & outside catering allowed,Outside decorators permitted,"In house DJ available, Outside DJ not permitted","In house alcohol not available, Outside alcohol not permitted",Hall,Indoor Area,250,400,Lawn,Outdoor Area,1250,2000,,,,,,,,,,,,,,,,,,,,,,,,
Vrindavan Garden & Hotel,Wedding Venues,83,Jodhpur,2037,Banquet Hall & Lawn,,"Vrindavan Garden & Hotel - Banar, NH 112, Jodhpur, Rajasthan, India",9142354235,"https://www.google.com/maps?q=26.318841,73.165138",15 Rooms,"2,000","300,000",200000,,,(incl. Rooms + 3 Meals + Venue) /day for 15  rooms,No,"Indoor, Outdoor space",There is sufficient parking available,Outside caterering only,Outside decorators permitted,"In house DJ not available , Outside DJ permitted","In house alcohol not available, Outside alcohol  permitted", Hall &Lawn,Indoor & Outdoor Area,1800,2100,,,,,,,,,,,,,,,,,,,,,,,,,,,,
Ashoka Royal Hotel,Wedding Venues,83,Paota,2037,Wedding Lawn,,"Paota Circle, Bhadwasiya, Paota, Jodhpur, Rajasthan 342006, India",9252553537,"https://www.google.com/maps?q=26.2952664,73.03996029999999",,,,Price on Request,,,(incl. Rooms + 3 Meals + Venue) /day for 100 rooms,No,Outdoor space,There is sufficient parking available,Inhouse & outside catering allowed,Outside decorators permitted,"In house DJ not available ,  Outside DJ not permitted","In house alcohol not available, Outside alcohol not permitted",Lawn,Outdoor Area,300,500,,,,,,,,,,,,,,,,,,,,,,,,,,,,
"Hotel Apex International, Sardarpura",Wedding Venues,83,Sardarpura,2037,Hotel,,"HOTEL APEX INTERNATIONAL, 9th C Road, Sardarpura, Jodhpur, Rajasthan, India",2912441896,"https://www.google.com/maps?q=26.2746362,73.00827869999999",42 Rooms,"3,000","15,000",650,,,(incl. Rooms + 3 Meals + Venue) /day for 100 rooms,Yes,Indoor space,,Inhouse catering only,Decorators from panel only,"In house DJ available, Outside DJ not permitted","In house alcohol available, Outside alcohol not  permitted",hall,Indoor Area,60,100,,,,,,,,,,,,,,,,,,,,,,,,,,,,
Jodhpur Farms - Farm Stay Jodhpur,Wedding Venues,83,Jodhpur,2037,Farmhouse With Banquet,,"Jodhpur farms - farm stay jodhpur, near Raj mava, Pithawas, Jodhpur, Rajasthan, India",6006377241,"https://www.google.com/maps?q=26.2530952,73.2317492",4 Rooms,,,300,,,(incl. Rooms + 3 Meals + Venue) /day for 100 rooms,Yes,"Indoor, Outdoor space",There is sufficient parking available,Inhouse & outside catering allowed,Outside decorators permitted,"In house DJ available, Outside DJ permitted","In house alcohol not available, Outside alcohol not permitted",Banquet ,Indoor Area,80,100,Lawn,Outdoor Area,350,500,,,,,,,,,,,,,,,,,,,,,,,,
Bageshwari Resort,Wedding Venues,83,Bhadu Market,2037,Wedding Lawn,,"Chopasni Road, Suraj Nagar, Chopasni Housing Board, Jodhpur, Rajasthan, India",9462320351,"https://www.google.com/maps?q=26.2554913,72.96548299999999",,,,400,,,(incl. Rooms + 3 Meals + Venue) /day for 100 rooms,No,Outdoor space,,Inhouse & outside catering allowed,Outside decorators permitted,"In house DJ available, Outside DJ permitted","In house alcohol not available, Outside alcohol not permitted",Lawn,Outdoor Area,1000,1500,,,,,,,,,,,,,,,,,,,,,,,,,,,,
Skydeck6,Wedding Venues,83,Ajit Colony,2037,Party Restaurant / Lounge,,"Skydeck6 | Fine Dining | Rooftop Restaurant & Bar | Banquet Hall, Circuit House Road, Ajit Colony, Jodhpur, Rajasthan, India",9002110061,"https://www.google.com/maps?q=26.2838392,73.03818179999999",,,,Price on Request,,,(incl. Rooms + 3 Meals + Venue) /day for 100 rooms,Yes,"Indoor, Terrace / Rooftop space",There is sufficient parking available,Outside caterering only,Outside decorators permitted,"In house DJ not available , Outside DJ permitted","In house alcohol not available, Outside alcohol  permitted",Skydeck6 Jodhpur,Indoor Area,150,200,Terrace,Outdoor Area,100,120,,,,,,,,,,,,,,,,,,,,,,,,
Saraswat Bhawan,Wedding Venues,83,Chopasni Housing Board,2037,Wedding Lawn,,"Saraswat Bhawan, Sector 17 Main Road, Sector 17 E, Chopasni Housing Board, Jodhpur, Rajasthan, India",9983451400,"https://www.google.com/maps?q=26.2641073,72.9662645",,,,500,700,,(incl. Rooms + 3 Meals + Venue) /day for 100 rooms,No,Outdoor space,,Inhouse & outside catering allowed,Outside decorators permitted,"In house DJ available, Outside DJ permitted","In house alcohol not available, Outside alcohol not permitted",Lawn,Outdoor Area,450,750,,,,,,,,,,,,,,,,,,,,,,,,,,,,
Rester Select Jodhpur,Wedding Venues,83,Basni,2037,Hotel,,"Rester Select Jodhpur, ITI Road, HI Area Phase II, Shastri Nagar, Jodhpur, Rajasthan, India",8809886003,"https://www.google.com/maps?q=26.2595007,73.0034155",50 Rooms,"4,000",,1200,,,(incl. Rooms + 3 Meals + Venue) /day for 100 rooms,Yes,Indoor space,There is sufficient parking available,Inhouse & outside catering allowed,Outside decorators permitted,"In house DJ available, Outside DJ permitted","In house alcohol available, Outside alcohol  permitted",Banquet,Indoor Area,150,250,,,,,,,,,,,,,,,,,,,,,,,,,,,,
Pearl International Marriage Palace,Wedding Venues,83,Bhadu Market,2037,Wedding Lawn,,"Pearl International Marriage Palace, Katariya Choukha, Bhadu Market, Jodhpur, Rajasthan, India",9829195369,"https://www.google.com/maps?q=26.2482523,72.9573877",,,,600,,,(incl. Rooms + 3 Meals + Venue) /day for 100 rooms,No,Outdoor space,,Inhouse & outside catering allowed,Outside decorators permitted,"In house DJ available, Outside DJ permitted","In house alcohol not available, Outside alcohol not permitted",Lawn,Outdoor Area,400,600,,,,,,,,,,,,,,,,,,,,,,,,,,,,
Shree Gopal Vatika,Wedding Venues,83,Chopasni Housing Board,2037,Wedding Lawn,,"Shree Gopal Vatika, Chopasani Road, Jodhpur, Rajasthan, India",8005782247,"https://www.google.com/maps?q=26.260321,72.9622224",3 Rooms,,,151000,,,(incl. Rooms + 3 Meals + Venue) /day for 100 rooms,No,Outdoor space,There is sufficient parking available,Outside caterering only,Outside decorators permitted,"In house DJ not available , Outside DJ permitted","In house alcohol not available, Outside alcohol  permitted",Lawn,Outdoor Area,800,1000,,,,,,,,,,,,,,,,,,,,,,,,,,,,
Hotel Blue Haveli Jodhpur,Wedding Venues,83,Bhistiyon Ka Bas,2037,Banquet Hall,,Manak Chowk Sodagaran Mohalla Jodhpur,9828047891,"https://www.google.com/maps?q=26.2955044,73.02155119999999",15 Rooms,"1,000",,300,400,,(incl. Rooms + 3 Meals + Venue) /day for 100 rooms,Yes,"Indoor, Terrace / Rooftop space",,Inhouse catering only,Outside decorators permitted,"In house DJ available, Outside DJ not permitted","In house alcohol not available, Outside alcohol  permitted",Hall,Indoor Area,100,150,Terrace,Outdoor Area,60,100,,,,,,,,,,,,,,,,,,,,,,,,
Uchiyarda Farms,Wedding Venues,83,Jodhpur,2037,Wedding Lawn,,"Uchiyarda Farm Jodhpur, Uchiyarda, Jodhpur, Rajasthan, India",9672071234,"https://www.google.com/maps?q=26.27004,73.10926760000007",,"750,000",,750,1000,,(incl. Rooms + 3 Meals + Venue) /day for 100 rooms,No,Outdoor space,,Inhouse & outside catering allowed,Outside decorators permitted,"In house DJ available, Outside DJ permitted","In house alcohol available, Outside alcohol  permitted",Lawn,Outdoor Area,2250,2500,,,,,,,,,,,,,,,,,,,,,,,,,,,,
Ritu Venue Marriage Garden,Wedding Venues,83,Khema-Ka-Kuwa,2037,Wedding Lawn,,"Gayatri Nagar, Jodhpur, Rajasthan, India",8233025715,"https://www.google.com/maps?q=26.2411064,72.9752139",,,,500,,,(incl. Rooms + 3 Meals + Venue) /day for 100 rooms,No,Outdoor space,,Inhouse & outside catering allowed,Outside decorators permitted,"In house DJ available, Outside DJ permitted","In house alcohol not available, Outside alcohol not permitted",Lawn,Outdoor Area,350,500,,,,,,,,,,,,,,,,,,,,,,,,,,,,
Khas Bag Function Garden,Wedding Venues,83,Ajit Colony,2037,Wedding Lawn,,"Khas Bag Function Garden, Gaushala Road, Ajit Colony, Jodhpur, Rajasthan, India",9829047087,"https://www.google.com/maps?q=26.2825522,73.03034219999999",6 Rooms,,,550,750,,(incl. Rooms + 3 Meals + Venue) /day for 100 rooms,No,Outdoor space,There is sufficient parking available,Inhouse catering only,Inhouse decor,"In house DJ available, Outside DJ permitted","In house alcohol available, Outside alcohol  permitted",Lawn,Outdoor Area,200,350,,,,,,,,,,,,,,,,,,,,,,,,,,,,
Indroka Fort - Heritage Hotel and Resort,Wedding Venues,83,Jodhpur,2037,Fort / Palace Hotel,,"INDROKA FORT - Heritage Hotel And Resort, Major District Road 104, Indroka, Rajasthan, India",9828205300,"https://www.google.com/maps?q=26.4466898,72.9116213",21 Rooms,"3,500",,900,1200,,(incl. Rooms + 3 Meals + Venue) /day for 100 rooms,Yes,"Indoor, Outdoor space",There is sufficient parking available,Inhouse & outside catering allowed,Outside decorators permitted,"In house DJ not available , Outside DJ permitted","In house alcohol not available, Outside alcohol  permitted",Hall,Indoor Area,50,60,Lawn,Outdoor Area,1500,2000,,,,,,,,,,,,,,,,,,,,,,,,
Milan Resort,Wedding Venues,83,Air Force Area,2037,Lawn & Banquet Hall,,"Milan Resort , C-2 , Vaishali Township , Jhanwar Road, Char Rasta, Near Dali Bai Circle, Jodhpur, Rajasthan 342001",8003727577,"https://www.google.com/maps?q=26.2389469,73.02430939999999",10 Rooms,"2,500",,1800,,,(incl. Rooms + 3 Meals + Venue) /day for 100 rooms,No,"Indoor, Outdoor space",There is sufficient parking available,Inhouse catering only,Outside decorators permitted,"In house DJ available, Outside DJ permitted","In house alcohol not available, Outside alcohol not permitted",Banquet,Indoor Area,300,500,Lawn,Outdoor Area,700,1200,,,,,,,,,,,,,,,,,,,,,,,,
Mahesh Gehlot Garden & Resort & Hotel,Wedding Venues,83,Jodhpur,2037,Resort,,National Law University New Nagour Rd Jodhpur,9314577000,"https://www.google.com/maps?q=26.36823949999999,73.0690169",35 Rooms,"2,500",,550,,,(incl. Rooms + 3 Meals + Venue) /day for 100 rooms,Yes,"Indoor, Outdoor space",,Inhouse & outside catering allowed,Outside decorators permitted,"In house DJ available, Outside DJ not permitted","In house alcohol not available, Outside alcohol not permitted",Hall,Indoor Area,150,250,Lawn,Outdoor Area,350,550,,,,,,,,,,,,,,,,,,,,,,,,
Sumangal Marriage Garden,Wedding Venues,83,Basni,2037,Wedding Lawn,,"Sumangal Marriage Garden, Madhuban Housing Board, Madhuban, Jodhpur, Rajasthan, India",9950187934,"https://www.google.com/maps?q=26.2294618,73.0250513",,,,400,,,(incl. Rooms + 3 Meals + Venue) /day for 100 rooms,No,Outdoor space,,Inhouse & outside catering allowed,Outside decorators permitted,"In house DJ available, Outside DJ permitted","In house alcohol available, Outside alcohol  permitted",Lawn,Outdoor Area,700,1000,,,,,,,,,,,,,,,,,,,,,,,,,,,,
Grand Basant,Wedding Venues,83,Air Force Area,2037,Lawn & Banquet Hall,,Air Force Area Jodhpur Jodhpur,9351505399,"https://www.google.com/maps?q=26.2666437,73.0389983",,,,500,,,(incl. Rooms + 3 Meals + Venue) /day for 100 rooms,No,"Indoor, Outdoor space",,Inhouse & outside catering allowed,Outside decorators permitted,"In house DJ available, Outside DJ not permitted","In house alcohol not available, Outside alcohol not permitted",Hall,Indoor Area,300,400,Lawn,Outdoor Area,1000,1500,,,,,,,,,,,,,,,,,,,,,,,,
Singhatiya Garden,Wedding Venues,83,Kudi Bhagtasni Housing Board,2037,Wedding Lawn,,"Adarsh Nagar, Jodhpur, Rajasthan, India",9829548036,"https://www.google.com/maps?q=26.2175336,73.0375761",,,,400,,,(incl. Rooms + 3 Meals + Venue) /day for 100 rooms,No,Outdoor space,,Inhouse & outside catering allowed,Outside decorators permitted,"In house DJ available, Outside DJ permitted","In house alcohol not available, Outside alcohol not permitted",lawn,Outdoor Area,600,900,,,,,,,,,,,,,,,,,,,,,,,,,,,,
Shergarh Rawla,Wedding Venues,83,Bhadu Market,2037,Lawn & Banquet Hall,,"Shergarh Rawla, Bhadu Market, Jodhpur, Rajasthan, India",9414050456,"https://www.google.com/maps?q=26.2349512,72.9554685",19 Rooms,,,250000,,,(incl. Rooms + 3 Meals + Venue) /day for 100 rooms,Yes,"Indoor, Outdoor space",There is sufficient parking available,Outside caterering only,Outside decorators permitted,"In house DJ not available , Outside DJ permitted","In house alcohol not available, Outside alcohol  permitted",Hall,Indoor Area,150,200,Lawn 1,Outdoor Area,2000,2500,Lawn 2,Outdoor Area,4000,5000,,,,,,,,,,,,,,,,,,,,
Hotel Siddharth Kailash,Wedding Venues,83,Kabir Nagar,2037,Banquet Hall & Lawn,,"OYO 11975 Siddharth International, Jaisalmer Road, Soorsagar, Jodhpur, Rajasthan, India",2912756755,"https://www.google.com/maps?q=26.29317,72.99054",28 Rooms,"3,000",,500,,,(incl. Rooms + 3 Meals + Venue) /day for 100 rooms,No,"Indoor, Outdoor space",,Inhouse & outside catering allowed,Outside decorators permitted,"In house DJ available, Outside DJ permitted","In house alcohol not available, Outside alcohol not permitted",Lawn,Outdoor Area,300,500,Hall,Indoor Area,200,300,,,,,,,,,,,,,,,,,,,,,,,,
Impian Resort,Wedding Venues,83,Jodhpur,2037,,,"IMPIAN RESORT, Meghwalo Ki Bass, New Colony, Manaklao, Rajasthan, India",6350048402,"https://www.google.com/maps?q=26.4512873,73.0202918",14 Rooms,,,Price on Request,,,(incl. Rooms + 3 Meals + Venue) /day for 100 rooms,Yes,Outdoor space,There is sufficient parking available,Inhouse & outside catering allowed,Outside decorators permitted,"In house DJ available, Outside DJ permitted","In house alcohol not available, Outside alcohol  permitted",Lawn,Indoor Area,70,100,,,,,,,,,,,,,,,,,,,,,,,,,,,,
Shri Banshi Lal Marriage Garden,Wedding Venues,83,Mandore,2037,Wedding Lawn,,"Mandore, Jodhpur, Rajasthan, India",9829024454,"https://www.google.com/maps?q=26.3427037,73.0443233",,,,400,,,(incl. Rooms + 3 Meals + Venue) /day for 100 rooms,No,Outdoor space,,Inhouse & outside catering allowed,Outside decorators permitted,"In house DJ available, Outside DJ permitted","In house alcohol not available, Outside alcohol not permitted",Lawn ,Outdoor Area,2000,3000,,,,,,,,,,,,,,,,,,,,,,,,,,,,
Garh Ganesh Resort & Marriage Garden,Wedding Venues,83,Bhadu Market,2037,Wedding Lawn,,"Main, Pal Rd, near Reliance Petrol Pump, Phase I, Pal, Jodhpur, Rajasthan 342008",8048124652,"https://www.google.com/maps?q=26.2385461,72.9703656",,,,Price on Request,,,(incl. Rooms + 3 Meals + Venue) /day for 100 rooms,No,Outdoor space,Parking is available near the venue,Inhouse catering only,Inhouse decor,"In house DJ available, Outside DJ permitted","In house alcohol not available, Outside alcohol  permitted",Lawn ,Outdoor Area,300,500,,,,,,,,,,,,,,,,,,,,,,,,,,,,
J D Park,Wedding Venues,83,Kabir Nagar,2037,Wedding Lawn,,"J D PARK, Soorsagar Bypass Road, Kabir Nagar, Jodhpur, Rajasthan, India",9413254470,"https://www.google.com/maps?q=26.3071584,72.99566740000002",,,,400,,,(incl. Rooms + 3 Meals + Venue) /day for 100 rooms,No,Outdoor space,,Inhouse & outside catering allowed,Outside decorators permitted,"In house DJ available, Outside DJ permitted","In house alcohol available, Outside alcohol  permitted",Lawn,Outdoor Area,1000,1500,,,,,,,,,,,,,,,,,,,,,,,,,,,,
Royal Resort,Wedding Venues,83,Bhadu Market,2037,Wedding Lawn,,"Bhadu Market, Jodhpur, Rajasthan, India",9413570330,"https://www.google.com/maps?q=26.24602459999999,72.9621131",,,,Price on Request,,,(incl. Rooms + 3 Meals + Venue) /day for 100 rooms,No,Outdoor space,,Inhouse & outside catering allowed,Outside decorators permitted,"In house DJ available, Outside DJ permitted","In house alcohol not available, Outside alcohol not permitted",Lawn ,Outdoor Area,750,1000,,,,,,,,,,,,,,,,,,,,,,,,,,,,
Sukh Sagar Haveli,Wedding Venues,83,Gopal Bari,2037,Wedding Lawn,,"Sukh Sagar Haveli Jodhpur, chopasni road, next to prem vihar, Prem Vihar Extention, SHIKSAK COLONY, Prem Vihar, Jodhpur, Rajasthan, India",9829027799,"https://www.google.com/maps?q=26.2658453,72.9506703",5 Rooms,"8,000",,60000,,,(incl. Rooms + 3 Meals + Venue) /day for 100 rooms,Yes,Outdoor space,There is sufficient parking available,Inhouse & outside catering allowed,Outside decorators permitted,"In house DJ not available ,  Outside DJ not permitted","In house alcohol not available, Outside alcohol not permitted",Lawn,Outdoor Area,60,80,,,,,,,,,,,,,,,,,,,,,,,,,,,,
Pacific Marriage Garden,Wedding Venues,83,Mandore,2037,Lawn & Banquet Hall,,"Pacific Marriage Garden, behind Panchayat Samiti, Mandore, Jodhpur, Rajasthan, India",9414474956,"https://www.google.com/maps?q=26.339836,73.04842599999999",,,,350,450,,(incl. Rooms + 3 Meals + Venue) /day for 100 rooms,Yes,"Indoor, Outdoor space",,Inhouse & outside catering allowed,Outside decorators permitted,"In house DJ available, Outside DJ permitted","In house alcohol available, Outside alcohol  permitted",Hall,Indoor Area,150,250,Lawn,Outdoor Area,600,1000,,,,,,,,,,,,,,,,,,,,,,,,
Kalpvriksha,Wedding Venues,83,Paota,2037,Banquet Hall & Lawn,,"Kalpvriksha Restaurant, Paota Main Road, near suncity hospital, Bhadwasiya, Paota, Jodhpur, Rajasthan, India",9509501239,"https://www.google.com/maps?q=26.2974392,73.0387988",,,,400,,,(incl. Rooms + 3 Meals + Venue) /day for 100 rooms,Yes,"Indoor, Outdoor space",,Inhouse catering only,Outside decorators permitted,"In house DJ available, Outside DJ permitted","In house alcohol available, Outside alcohol not  permitted",Hall,Indoor Area,200,300,Lawn,Outdoor Area,60,100,,,,,,,,,,,,,,,,,,,,,,,,
Hotel Niky International,Wedding Venues,83,Jodhpur,2037,Hotel,,,8003192614,,36 Rooms,"5,000","75,000",2500,3000,,(incl. Rooms + 3 Meals + Venue) /day for 100 rooms,Yes,Indoor space,,Outside caterering only,Outside decorators permitted,"In house DJ available, Outside DJ not permitted","In house alcohol available, Outside alcohol not  permitted",Banquet Hall & Lawn Hall,Indoor Area,50,200,,,,,,,,,,,,,,,,,,,,,,,,,,,,
Kaakus Club Resort and Farm House,Wedding Venues,83,Jodhpur,2037,Farmhouse,,"Kakus Club Resort and Farm House Sar Sarnecha Road, Near Mamaji ka Nada, Sarencha, Luni Jodhpur , Jodhpur City, India, Rajasthan",7726980747,"https://www.google.com/maps?q=26.2603796,73.011042",4 Rooms,,,50000,,,(incl. Rooms + 3 Meals + Venue) /day for 100 rooms,No,Outdoor space,There is sufficient parking available,Inhouse catering only,Inhouse decor,"In house DJ available, Outside DJ permitted","In house alcohol available, Outside alcohol  permitted",Lawn,Outdoor Area,1000,1200,,,,,,,,,,,,,,,,,,,,,,,,,,,,
Ravla Bhenswara,Wedding Venues,83,Jodhpur,2037,Wedding Lawn,,"Ravla Bhenswara, Jalore, Rajasthan, India",9828070734,"https://www.google.com/maps?q=26.7371684,72.8743127249123",,,,750,1000,,(incl. Rooms + 3 Meals + Venue) /day for 100 rooms,No,Outdoor space,,Inhouse & outside catering allowed,Outside decorators permitted,"In house DJ available, Outside DJ permitted","In house alcohol not available, Outside alcohol not permitted",Lawn,Outdoor Area,300,500,,,,,,,,,,,,,,,,,,,,,,,,,,,,
Hotel Imperial Polo Ground Haveli,Wedding Venues,83,Air Force Area,2037,Lawn & Banquet Hall,,"Hotel Imperial Polo Ground Haveli, Airport Road, Air Force Area, Jodhpur, Rajasthan, India",9413570047,"https://www.google.com/maps?q=26.26433219999999,73.0400501",28 Rooms,"1,500",,500,600,,(incl. Rooms + 3 Meals + Venue) /day for 100 rooms,No,Outdoor space,,Inhouse & outside catering allowed,Outside decorators permitted,"In house DJ available, Outside DJ not permitted","In house alcohol available, Outside alcohol not  permitted",Lawn,Outdoor Area,250,400,,,,,,,,,,,,,,,,,,,,,,,,,,,,
श्री केशव गढ़ (Shree Keshavgarh),Wedding Venues,83,Jodhpur,2037,Lawn & Banquet Hall,,"श्री केशव गढ़ (Shree Keshavgarh), OFFICE, RTO Rd, New Roop Nagar, Jodhpur, Rajasthan, India",9252458458,"https://www.google.com/maps?q=26.3068816,73.0683746",,,,999,,,(incl. Rooms + 3 Meals + Venue) /day for 100 rooms,No,"Indoor, Outdoor space",There is sufficient parking available,Inhouse catering only,Outside decorators permitted,"In house DJ available, Outside DJ permitted","In house alcohol not available, Outside alcohol not permitted",Banquet Hall,Indoor Area,300,400,Lawn,Outdoor Area,4000,4500,,,,,,,,,,,,,,,,,,,,,,,,
Yashvrinda,Wedding Venues,83,Mandore,2037,Banquet Hall & Lawn,,"Yashvrinda, near Amritlal Gehlot Stadium, Chainpura, Mandore, Jodhpur, Rajasthan, India",9571711173,"https://www.google.com/maps?q=26.345126,73.05441780000001",23 Rooms,"150,000",,850,,,(incl. Rooms + 3 Meals + Venue) /day for 100 rooms,Yes,"Indoor, Outdoor space",There is sufficient parking available,Inhouse catering only,Inhouse decor,"In house DJ available, Outside DJ not permitted","In house alcohol not available, Outside alcohol not permitted",Banquet+Lawn,Indoor & Outdoor Area,100,170,,,,,,,,,,,,,,,,,,,,,,,,,,,,
Capital O Hotel Js Regency,Wedding Venues,83,Jhalamand,2037,Wedding Lawn,,"Capital O Hotel Js Regency, Jaipur Bypass Road, near ST Paul School, Jhalamand, Jodhpur, Rajasthan, India",9660557283,"https://www.google.com/maps?q=26.220405,73.05311499999999",18 Rooms,,,Price on Request,,,(incl. Rooms + 3 Meals + Venue) /day for 100 rooms,No,Outdoor space,There is sufficient parking available,Inhouse & outside catering allowed,Outside decorators permitted,"In house DJ not available , Outside DJ permitted","In house alcohol not available, Outside alcohol not permitted",Lawn,Outdoor Area,300,450,,,,,,,,,,,,,,,,,,,,,,,,,,,,
Champa Mata Farm House,Wedding Venues,83,Jodhpur,2037,Farmhouse,,"Champa Mata Farm House, near Parihar Nagar, Mata Ka Than, Rawat Nagar, Jodhpur, Rajasthan, India",9413661913,"https://www.google.com/maps?q=26.3187004,73.0650453",,,,Price on Request,,,(incl. Rooms + 3 Meals + Venue) /day for 100 rooms,No,Outdoor space,There is sufficient parking available,Inhouse catering only,Outside decorators permitted,"In house DJ available, Outside DJ permitted","In house alcohol not available, Outside alcohol  permitted",Lawn,Outdoor Area,800,1000,,,,,,,,,,,,,,,,,,,,,,,,,,,,
Mantra A Boutique Hotel,Wedding Venues,83,Basni,2037,Banquet Hall,,"MANTRA A BOUTIQUE HOTEL, Saraswati Nagar, Madhuban, Jodhpur, Rajasthan, India",8824900340,"https://www.google.com/maps?q=26.2329813,73.0185316",21 Rooms,"2,500",,Price on Request,,,(incl. Rooms + 3 Meals + Venue) /day for 100 rooms,Yes,Indoor space,There is sufficient parking available,Inhouse catering only,Outside decorators permitted,"In house DJ not available ,  Outside DJ not permitted","In house alcohol not available, Outside alcohol not permitted",Hall,Indoor Area,100,150,,,,,,,,,,,,,,,,,,,,,,,,,,,,
Krishna Vatika,Wedding Venues,83,Air Force Area,2037,Wedding Lawn,,"Bhinmal, Jalore, Rajasthan, India",70143014661,"https://www.google.com/maps?q=26.2389469,73.02430939999999",,"10,000",,50000,,,(incl. Rooms + 3 Meals + Venue) /day for 100 rooms,Yes,Outdoor space,,Outside caterering only,Outside decorators permitted,"In house DJ not available , Outside DJ permitted","In house alcohol not available, Outside alcohol  permitted",Lawn,Outdoor Area,120,200,,,,,,,,,,,,,,,,,,,,,,,,,,,,
Rajputana Palace,Wedding Venues,83,Air Force Area,2037,Fort / Palace Hotel,,"Ratanada, Airport Road, Cantt Area, Jodhpur, Rajasthan, India",2912799601,"https://www.google.com/maps?q=26.2699584,73.0377531",30 Rooms,"2,500",,Price on Request,,,(incl. Rooms + 3 Meals + Venue) /day for 100 rooms,Yes,Indoor space,,Inhouse catering only,Decorators from panel only,"In house DJ available, Outside DJ not permitted","In house alcohol available, Outside alcohol not  permitted",Hall ,Indoor Area,65,100,,,,,,,,,,,,,,,,,,,,,,,,,,,,
The Marwar Hotel,Wedding Venues,83,Air Force Area,2037,Wedding Lawn,,"Plot No. 1, High Court Colony, Opposite Swarndeep Apartments, Ratanada, Jodhpur, Rajasthan 342001",9982266000,"https://www.google.com/maps?q=26.23894689999999,73.02430939999999",23 Rooms,"3,000","25,000",1500,1500,,(incl. Rooms + 3 Meals + Venue) /day for 100 rooms,Yes,Outdoor space,,Inhouse catering only,Decorators from panel only,"In house DJ available, Outside DJ permitted","In house alcohol available, Outside alcohol not  permitted",Front Lawn,Outdoor Area,150,250,Back Lawn,Outdoor Area,250,400,,,,,,,,,,,,,,,,,,,,,,,,
Harigarh Village Resort,Wedding Venues,83,Jodhpur,2037,Resort,,"Harigarh Village Resort, New Pali Rd, Jodhpur, Rajasthan, India",6377555022,"https://www.google.com/maps?q=26.1906442,73.0638967",36 Rooms,"3,000",,900,1200,,(incl. Rooms + 3 Meals + Venue) /day for 100 rooms,No,"Indoor, Outdoor space",There is sufficient parking available,Inhouse catering only,Inhouse decor,"In house DJ not available , Outside DJ permitted","In house alcohol available, Outside alcohol  permitted",Banquet Hall,Indoor Area,300,400,Lawn,Outdoor Area,400,600,,,,,,,,,,,,,,,,,,,,,,,,
Kheteshwar Vatika,Wedding Venues,83,Bhadu Market,2037,Lawn & Banquet Hall,,"Kheteshwar Vatika And Tent House, Pal Gaon, Jodhpur, Rajasthan, India",9799717244,"https://www.google.com/maps?q=26.2188951,72.9558881",,,,500,,,(incl. Rooms + 3 Meals + Venue) /day for 100 rooms,No,"Indoor, Outdoor space",,Inhouse & outside catering allowed,Outside decorators permitted,"In house DJ available, Outside DJ permitted","In house alcohol not available, Outside alcohol not permitted",Lawn,Outdoor Area,600,900,Hall,Indoor Area,200,300,,,,,,,,,,,,,,,,,,,,,,,,
Gokulam Marriage Garden,Wedding Venues,83,Mandore,2037,Wedding Lawn,,"Gokulam Marriage Garden, Magra Punjla, Jodhpur, Rajasthan, India",9784434234,"https://www.google.com/maps?q=26.3338872,73.0666375",,,,350,,,(incl. Rooms + 3 Meals + Venue) /day for 100 rooms,No,Outdoor space,,Inhouse & outside catering allowed,Outside decorators permitted,"In house DJ available, Outside DJ permitted","In house alcohol not available, Outside alcohol not permitted",Lawn,Outdoor Area,1000,1500,,,,,,,,,,,,,,,,,,,,,,,,,,,,
OTC Resorts and Water Park,Wedding Venues,83,Jodhpur,2037,Lawn & Banquet Hall,,"OTC Resorts And Water Park, opp. gramin police line, Daijar, Rajasthan, India",9660061100,"https://www.google.com/maps?q=26.4079797,73.05642089999999",10 Rooms,"3,000",,1000,,,(incl. Rooms + 3 Meals + Venue) /day for 100 rooms,No,"Indoor, Outdoor space",There is sufficient parking available,Inhouse & outside catering allowed,Outside decorators permitted,"In house DJ not available , Outside DJ permitted","In house alcohol not available, Outside alcohol  permitted",Hall,Indoor Area,250,350,Lawn,Outdoor Area,1400,1500,,,,,,,,,,,,,,,,,,,,,,,,
Pal Garh Heritage Hotel,Wedding Venues,83,Pal Gaon,2037,Fort / Palace Hotel,,"Pal Garh Heritage Hotel Jodhpur, Pal Garh, Pal village, Jodhpur, Rajasthan, India",823333328,"https://www.google.com/maps?q=26.2197428,72.9610993",18 Rooms,"4,500",,Price on Request,,,(incl. Rooms + 3 Meals + Venue) /day for 100 rooms,Yes,"Indoor, Outdoor space",,Inhouse & outside catering allowed,Outside decorators permitted,"In house DJ available, Outside DJ permitted","In house alcohol available, Outside alcohol not  permitted",Lawn,Outdoor Area,250,450,Hall,Indoor Area,60,100,,,,,,,,,,,,,,,,,,,,,,,,
Food Farmaish Restaurant,Wedding Venues,83,Bhadu Market,2037,Party Restaurant / Lounge,,"Food farmaish restaurant, Bhadu Market, Jodhpur, Rajasthan, India",7728082620,"https://www.google.com/maps?q=26.2320724,72.95528929999999",1 Rooms,,,500,,,(incl. Rooms + 3 Meals + Venue) /day for 100 rooms,Yes,Indoor space,There is sufficient parking available,Inhouse & outside catering allowed,Outside decorators permitted,"In house DJ not available , Outside DJ permitted","In house alcohol not available, Outside alcohol  permitted",Hall,Indoor Area,120,150,,,,,,,,,,,,,,,,,,,,,,,,,,,,
Chandra Grand,Wedding Venues,83,Jodhpur,2037,Hotel,,"CHANDRA GRAND, MANDORE INDUSTRIAL AREA, 9 MILE, MANDORE, Jodhpur, Rajasthan, India",7340064989,"https://www.google.com/maps?q=26.3885721,73.0707049",80 Rooms,"3,800",,600,700,,(incl. Rooms + 3 Meals + Venue) /day for 100 rooms,No,"Indoor, Outdoor space",There is sufficient parking available,Inhouse catering only,Inhouse decor,"In house DJ available, Outside DJ permitted","In house alcohol not available, Outside alcohol  permitted",Jashn Banquet Hall,Indoor Area,650,700,Banquets and Open Garden,Indoor & Outdoor Area,1800,2000,,,,,,,,,,,,,,,,,,,,,,,,
Daspan House,Wedding Venues,83,Ratanada,2037,Small Function Hall,,"Ratanada, Jodhpur, Rajasthan, India",8094451665,"https://www.google.com/maps?q=26.2738937,73.03074090000001",18 Rooms,"7,000",,Price on Request,,,(incl. Rooms + 3 Meals + Venue) /day for 100 rooms,Yes,Indoor space,There is sufficient parking available,Inhouse catering only,Inhouse decor,"In house DJ not available , Outside DJ permitted","In house alcohol not available, Outside alcohol not permitted",Hall,Indoor Area,70,100,,,,,,,,,,,,,,,,,,,,,,,,,,,,
Sindhu Mahal,Wedding Venues,83,Chopasni Housing Board,2037,Banquet Hall,,"Sindhu Mahal, Sector 9, Chopasni Housing Board, Jodhpur, Rajasthan, India",9414127791,"https://www.google.com/maps?q=26.2680454,72.9779434",,,,500,700,,(incl. Rooms + 3 Meals + Venue) /day for 100 rooms,No,Indoor space,,Inhouse & outside catering allowed,Outside decorators permitted,"In house DJ available, Outside DJ permitted","In house alcohol not available, Outside alcohol not permitted",Hall,Indoor Area,450,750,,,,,,,,,,,,,,,,,,,,,,,,,,,,
Parshva Paradise Garden,Wedding Venues,83,Basni,2037,Wedding Lawn,,"Parshva Paradise Garden, Jodhpur",9694088752,"https://www.google.com/maps?q=26.2475952,73.0021534",,,,400,600,,(incl. Rooms + 3 Meals + Venue) /day for 100 rooms,No,Outdoor space,,Outside caterering only,Outside decorators permitted,"In house DJ not available , Outside DJ permitted","In house alcohol not available, Outside alcohol not permitted",Lawn,Outdoor Area,800,2000,,,,,,,,,,,,,,,,,,,,,,,,,,,,
Shri Ram Vatika,Wedding Venues,83,Soorsagar,2037,Wedding Lawn,,"Shri Ram Vatika, Soorsagar, Jodhpur, Rajasthan, India",9950062511,"https://www.google.com/maps?q=26.31871,73.001659",,,,550,,,(incl. Rooms + 3 Meals + Venue) /day for 100 rooms,No,Outdoor space,,Inhouse & outside catering allowed,Outside decorators permitted,"In house DJ available, Outside DJ permitted","In house alcohol available, Outside alcohol  permitted",Lawn,Outdoor Area,600,1000,,,,,,,,,,,,,,,,,,,,,,,,,,,,
Paras Greens,Wedding Venues,83,Basni,2037,Wedding Lawn,,"HI Area Phase II, Basni, Jodhpur, Rajasthan, India",9414701088,"https://www.google.com/maps?q=26.2475952,73.0021534",,,,400,650,,(incl. Rooms + 3 Meals + Venue) /day for 100 rooms,No,Outdoor space,,Inhouse & outside catering allowed,Outside decorators permitted,"In house DJ available, Outside DJ permitted","In house alcohol not available, Outside alcohol not permitted",Lawn ,Outdoor Area,1500,2250,,,,,,,,,,,,,,,,,,,,,,,,,,,,
Barsingha Villa,Wedding Venues,83,Jodhpur,2037,Wedding Lawn,,"Hotel Barsingha Villa Bap, Phalodi, Rajasthan, India",9413319546,"https://www.google.com/maps?q=27.3799648,72.3492864",18 Rooms,"3,500",,600,800,,(incl. Rooms + 3 Meals + Venue) /day for 100 rooms,Yes,"Outdoor, Terrace / Rooftop space",,Inhouse & outside catering allowed,Outside decorators permitted,"In house DJ available, Outside DJ permitted","In house alcohol not available, Outside alcohol not permitted",Lawn,Outdoor Area,70,120,Terrace,Outdoor Area,60,100,,,,,,,,,,,,,,,,,,,,,,,,
Hotel Snehil Marriage Garden & Restaurant,Wedding Venues,83,Pratap Nagar,2037,Wedding Lawn,,"Kabir Nagar, Jodhpur, Rajasthan, India",7742225222,"https://www.google.com/maps?q=26.2994785,72.9941482",,,,Price on Request,,,(incl. Rooms + 3 Meals + Venue) /day for 100 rooms,No,Outdoor space,There is sufficient parking available,Outside caterering only,Outside decorators permitted,"In house DJ not available , Outside DJ permitted","In house alcohol not available, Outside alcohol  permitted",Lawn,Outdoor Area,1000,2000,,,,,,,,,,,,,,,,,,,,,,,,,,,,
Manglam Marriage Garden Jodhpur,Wedding Venues,83,Bhadu Market,2037,Wedding Lawn,,"DPS Circle, Pal Gaon, Jodhpur, Rajasthan",9929299736,"https://www.google.com/maps?q=26.2262482,72.9611805",,"60,000",,Price on Request,,,(incl. Rooms + 3 Meals + Venue) /day for 100 rooms,No,Outdoor space,There is sufficient parking available,Inhouse catering only,Decorators from panel only,"In house DJ not available , Outside DJ permitted","In house alcohol not available, Outside alcohol  permitted",lawn,Outdoor Area,550,800,,,,,,,,,,,,,,,,,,,,,,,,,,,,
Motor Merchant Hall,Wedding Venues,83,Sardarpura,2037,Banquet Hall,,"Motor Merchant Hall, D Road, Sardarpura, Jodhpur, Rajasthan, India",9414498983,"https://www.google.com/maps?q=26.2746905,73.0104107",,,,550,,,(incl. Rooms + 3 Meals + Venue) /day for 100 rooms,Yes,Indoor space,,Inhouse & outside catering allowed,Outside decorators permitted,"In house DJ available, Outside DJ not permitted","In house alcohol not available, Outside alcohol not permitted",Hall,Indoor Area,100,150,,,,,,,,,,,,,,,,,,,,,,,,,,,,
White House Marriage Garden,Wedding Venues,83,Paota,2037,Wedding Lawn,,"White House, Bhadwasiya, Paota, Jodhpur, Rajasthan, India",9309225401,"https://www.google.com/maps?q=26.300638,73.037645",,"25,000",,450,,,(incl. Rooms + 3 Meals + Venue) /day for 100 rooms,No,Outdoor space,,Inhouse & outside catering allowed,Outside decorators permitted,"In house DJ not available , Outside DJ permitted","In house alcohol not available, Outside alcohol not permitted",Lawn,Outdoor Area,600,800,,,,,,,,,,,,,,,,,,,,,,,,,,,,
Jodhpur Resort Garden,Wedding Venues,83,Sardarpura,2037,Resort,,Residency Rd Sardarpura Jodhpur,8209776940,"https://www.google.com/maps?q=26.2744259,73.0052125",19 Rooms,"2,000",,400,600,,(incl. Rooms + 3 Meals + Venue) /day for 100 rooms,No,"Indoor, Outdoor space",,Inhouse & outside catering allowed,Outside decorators permitted,"In house DJ available, Outside DJ not permitted","In house alcohol not available, Outside alcohol not permitted",Hall,Indoor Area,200,300,Lawn,Outdoor Area,1200,1800,,,,,,,,,,,,,,,,,,,,,,,,
High Altitude Jodhpur,Wedding Venues,83,Sardarpura,2037,Banquet Hall,,"Chopasni Road, Jodhpur 342003 Jodhpur, Rajasthan",9460050339,"https://www.google.com/maps?q=26.2812785,73.0070264",,,,Price on Request,,,(incl. Rooms + 3 Meals + Venue) /day for 100 rooms,Yes,Indoor space,Parking is available near the venue,Inhouse & outside catering allowed,,"In house DJ available, Outside DJ permitted","In house alcohol available, Outside alcohol  permitted",Hall,Indoor Area,70,120,,,,,,,,,,,,,,,,,,,,,,,,,,,,
Maurya Wedding Garden,Wedding Venues,83,Jodhpur,2037,Hotel,,"MAURYA WEDDING GARDEN, Prabhat Nagar, near Gattani Hospital, Prem Nagar, Jodhpur, Rajasthan, India",9001939686,"https://www.google.com/maps?q=26.3219121,73.1143197",34 Rooms,,,60000,,,(incl. Rooms + 3 Meals + Venue) /day for 100 rooms,Yes,"Indoor, Outdoor space",There is sufficient parking available,Inhouse & outside catering allowed,Outside decorators permitted,"In house DJ available, Outside DJ permitted","In house alcohol available, Outside alcohol  permitted",Lawn,Outdoor Area,700,1000,Hall,Indoor Area,70,100,Hall 2,Indoor Area,40,60,,,,,,,,,,,,,,,,,,,,
C Merriment,Wedding Venues,83,Bhadu Market,2037,Wedding Lawn,,"Pal Road, Khema-Ka-Kuwa, Jodhpur, Rajasthan, India",8875048000,"https://www.google.com/maps?q=26.2385461,72.9703656",,,,Price on Request,,,(incl. Rooms + 3 Meals + Venue) /day for 100 rooms,No,Outdoor space,There is sufficient parking available,Inhouse & outside catering allowed,Outside decorators permitted,,"In house alcohol not available, Outside alcohol  permitted",Lawn,Outdoor Area,2000,2500,,,,,,,,,,,,,,,,,,,,,,,,,,,,
Chopasni Marriage Garden,Wedding Venues,83,Bhadu Market,2037,Wedding Lawn,,"BR Birla School Rd Vinayak Vihar Bhadu Market,Jodhpur",9828530200,"https://www.google.com/maps?q=26.247723,72.9555283",,,,400,,,(incl. Rooms + 3 Meals + Venue) /day for 100 rooms,No,Outdoor space,,Outside caterering only,Outside decorators permitted,"In house DJ available, Outside DJ not permitted","In house alcohol not available, Outside alcohol not permitted",Lawn,Outdoor Area,500,750,,,,,,,,,,,,,,,,,,,,,,,,,,,,
Parmar Greens,Wedding Venues,83,Bhadu Market,2037,Wedding Lawn,,"Pal Chopasani Bypass Rd, Bhadu Market, Jodhpur, Rajasthan, India",9001090232,"https://www.google.com/maps?q=26.240316,72.9524261",,"100,000",,Price on Request,,,(incl. Rooms + 3 Meals + Venue) /day for 100 rooms,No,Outdoor space,There is sufficient parking available,Inhouse catering only,Decorators from panel only,"In house DJ not available , Outside DJ permitted","In house alcohol not available, Outside alcohol  permitted",lawn,Outdoor Area,650,800,,,,,,,,,,,,,,,,,,,,,,,,,,,,
Zone By The Park Jodhpur,Wedding Venues,83,Basni,2037,4 Star Hotel,,"jawahar tower” 29 (2-A), iti circle, Near new Power House, jodhpur – rajasthan - 342003",7340083333,"https://www.google.com/maps?q=26.2600466,73.0031414",,,,850,1350,,(incl. Rooms + 3 Meals + Venue) /day for 100 rooms,No,"Indoor, Outdoor space",,Inhouse catering only,Decorators from panel only,"In house DJ available, Outside DJ not permitted","In house alcohol available, Outside alcohol not  permitted",Banquet ,Indoor Area,250,500,Lawn,Outdoor Area,500,1200,,,,,,,,,,,,,,,,,,,,,,,,
Dau Ri Dhani,Wedding Venues,83,Kabir Nagar,2037,Wedding Lawn,,"Dau Ri Dhani, Soorsagar Road, Opposite Royalty Naka, Kamla Nehru Nagar, Kabir Nagar, Jodhpur, Rajasthan, India",9829027048,"https://www.google.com/maps?q=26.2890943,72.9878444",,,,500,,,(incl. Rooms + 3 Meals + Venue) /day for 100 rooms,No,Outdoor space,,Inhouse & outside catering allowed,Outside decorators permitted,"In house DJ available, Outside DJ permitted","In house alcohol not available, Outside alcohol not permitted",Lawn,Outdoor Area,2000,3000,,,,,,,,,,,,,,,,,,,,,,,,,,,,
Rudraksh Bagh,Wedding Venues,83,Rawat Nagar,2037,Wedding Lawn,,"Rudraksh Bagh, Jodhpur, Rajasthan, India",9829196182,"https://www.google.com/maps?q=26.3616977,73.11725729999999",5 Rooms,,,700,1000,,(incl. Rooms + 3 Meals + Venue) /day for 100 rooms,No,Outdoor space,There is sufficient parking available,Inhouse & outside catering allowed,Outside decorators permitted,"In house DJ not available , Outside DJ permitted","In house alcohol not available, Outside alcohol  permitted",Lawn,Outdoor Area,350,500,,,,,,,,,,,,,,,,,,,,,,,,,,,,
Jhalamand Garh,Wedding Venues,83,Jodhpur,2037,Wedding Lawn,,"Jhalamand Garh Hotel, Jodhpur, Rajasthan, India",9351514444,"https://www.google.com/maps?q=26.209466,73.0650295",26 Rooms,"3,500","40,000",1000,1100,,(incl. Rooms + 3 Meals + Venue) /day for 100 rooms,No,Outdoor space,,Inhouse catering only,Inhouse decor,"In house DJ available, Outside DJ permitted","In house alcohol not available, Outside alcohol  permitted",Lawn,Outdoor Area,250,400,,,,,,,,,,,,,,,,,,,,,,,,,,,,
Meera Baag Garden,Wedding Venues,83,Cantt Area,2037,Wedding Lawn,,"Rasala Road, Parthvipura, Laxmi Nagar, Jodhpur, Rajasthan, India",9799253158,"https://www.google.com/maps?q=26.2935037,73.04696380000001",,,,600,,,(incl. Rooms + 3 Meals + Venue) /day for 100 rooms,No,Outdoor space,,Inhouse & outside catering allowed,Outside decorators permitted,"In house DJ available, Outside DJ permitted","In house alcohol not available, Outside alcohol not permitted",Lawn ,Outdoor Area,1350,2000,,,,,,,,,,,,,,,,,,,,,,,,,,,,
Veergarh The Resort,Wedding Venues,83,Jodhpur,2037,Resort,,"Veergarh The Resort, New Pali Rd, Jodhpur, Rajasthan, India",6350311917,"https://www.google.com/maps?q=26.1906691,73.0639364",20 Rooms,"2,000",,550,,,(incl. Rooms + 3 Meals + Venue) /day for 100 rooms,Yes,"Indoor, Outdoor, Poolside space",,Inhouse & outside catering allowed,Outside decorators permitted,"In house DJ available, Outside DJ permitted","In house alcohol not available, Outside alcohol not permitted",Hall,Indoor Area,150,250,Lawn,Outdoor Area,1000,1500,Poolside,Poolside Area,40,70,,,,,,,,,,,,,,,,,,,,
Parvitra's Jodhpur Greens,Wedding Venues,83,Cantt Area,2037,Lawn & Banquet Hall,,"Parvitra's Jodhpur Greens, Near Bodhi International School, Shikargarh Enclave, Sirodi, Jodhpur, Rajasthan, India",9352052078,"https://www.google.com/maps?q=26.274612,73.07833800000003",,"35,000",,500,,,(incl. Rooms + 3 Meals + Venue) /day for 100 rooms,No,"Indoor, Outdoor space",,Inhouse & outside catering allowed,Outside decorators permitted,"In house DJ not available , Outside DJ permitted","In house alcohol not available, Outside alcohol  permitted",Banquet,Indoor Area,300,400,Lawn 1,Outdoor Area,1500,2000,Lawn 2,Outdoor Area,5500,8000,,,,,,,,,,,,,,,,,,,,
Devi Bhawan,Wedding Venues,83,Cantt Area,2037,Wedding Lawn,,"Devi Bhawan, Defence Lab Road, Ratanada area, Jodhpur, Rajasthan, India",9828035359,"https://www.google.com/maps?q=26.26938239999999,73.0398909",,,,800,1000,,(incl. Rooms + 3 Meals + Venue) /day for 100 rooms,No,Outdoor space,Parking is available near the venue,Inhouse catering only,Decorators from panel only,"In house DJ available, Outside DJ not permitted","In house alcohol available, Outside alcohol not  permitted",Lawn,Outdoor Area,400,600,,,,,,,,,,,,,,,,,,,,,,,,,,,,
Khwahish Marriage Garden,Wedding Venues,83,Kabir Nagar,2037,Wedding Lawn,,Soorsagar Jodhpur Jodhpur,9166858682,"https://www.google.com/maps?q=26.3102746,73.0099725",,,,300,,,(incl. Rooms + 3 Meals + Venue) /day for 100 rooms,No,Outdoor space,,Inhouse & outside catering allowed,Outside decorators permitted,"In house DJ available, Outside DJ not permitted","In house alcohol not available, Outside alcohol not permitted",Lawn,Outdoor Area,1500,2000,,,,,,,,,,,,,,,,,,,,,,,,,,,,
Punglia Resort,Wedding Venues,83,Jodhpur,2037,Resort,,"Daijar, Jodhpur, Rajasthan, India",9587024455,"https://www.google.com/maps?q=26.3967641,73.0759446",40 Rooms,"3,500",,Price on Request,,,(incl. Rooms + 3 Meals + Venue) /day for 100 rooms,No,"Indoor, Outdoor space",There is sufficient parking available,Inhouse catering only,Inhouse decor,"In house DJ not available , Outside DJ permitted","In house alcohol not available, Outside alcohol not permitted",Banquet Hall,Indoor Area,250,500,Lawn,Outdoor Area,700,1500,,,,,,,,,,,,,,,,,,,,,,,,
Ramsheela Garden & Resort,Wedding Venues,83,Jodhpur,2037,Wedding Lawn,,"Major Saitan Singh Rd, Nandri, Jodhpur, Rajasthan 342006",8282823298,"https://www.google.com/maps?q=26.3115487,73.1002242",,,,Price on Request,,,(incl. Rooms + 3 Meals + Venue) /day for 100 rooms,No,Outdoor space,Parking is available near the venue,Inhouse & outside catering allowed,Inhouse decor,"In house DJ available, Outside DJ not permitted","In house alcohol available, Outside alcohol  permitted",Farmhouse,Outdoor Area,600,750,,,,,,,,,,,,,,,,,,,,,,,,,,,,
Peelwa Haveli,Wedding Venues,83,Paota,2037,Wedding Lawn,,Nagori Gate Kila Rd Mahamandir Jodhpur,9783891309,"https://www.google.com/maps?q=26.30385589999999,73.0341577",,,,300,,,(incl. Rooms + 3 Meals + Venue) /day for 100 rooms,No,Outdoor space,,Inhouse & outside catering allowed,Outside decorators permitted,"In house DJ available, Outside DJ permitted","In house alcohol not available, Outside alcohol not permitted",Lawn,Outdoor Area,450,700,,,,,,,,,,,,,,,,,,,,,,,,,,,,
Haveli Farm,Wedding Venues,83,Gopal Bari,2037,Wedding Lawn,,"Dali Bai Mandir, Ram Nagar, Jodhpur, Rajasthan 342001, India",9828621400,"https://www.google.com/maps?q=26.2644858,72.95860569999999",,,,Price on Request,,,(incl. Rooms + 3 Meals + Venue) /day for 100 rooms,Yes,Outdoor space,There is sufficient parking available,Inhouse catering only,Outside decorators permitted,"In house DJ available, Outside DJ permitted","In house alcohol not available, Outside alcohol not permitted",Lawn Area,Outdoor Area,100,150,,,,,,,,,,,,,,,,,,,,,,,,,,,,
